Degree,Specialization,YearOfPassing,CGPA,Certifications,JobRole
M.Tech,CE,2019,7.4,8,Software Engineer
B.Tech,CSE,2023,6.63,3,Data Analyst
B.Tech,CE,2018,7.58,17,Software Engineer
M.Tech,AI,2023,8.63,14,AI Developer
M.Tech,ML,2015,6.52,6,Data Scientist
B.Tech,CSE,2018,6.52,11,Software Engineer
B.Tech,IT,2020,8.7,12,Software Engineer
M.Tech,ML,2022,7.72,18,AI Developer
Other,CE,2019,6.24,20,Software Engineer
PhD,IT,2018,7.45,3,Software Engineer
M.Tech,ML,2016,6.24,8,Manager
B.Tech,IT,2020,6.24,6,Data Analyst
B.Tech,AI,2016,7.09,20,ML Developer
M.Tech,CSE,2022,4.5,13,Software Engineer
B.Tech,DS,2023,4.73,8,Data Scientist
BCA,ML,2018,6.13,2,AI Developer
B.Tech,CE,2024,5.58,11,Software Engineer
B.Tech,IT,2022,7.18,5,Data Analyst
B.Tech,ML,2023,5.71,9,Data Scientist
M.Tech,DS,2021,5.11,12,Data Analyst
Other,IT,2016,8.56,2,Software Engineer
B.Tech,CSE,2021,6.53,20,Software Engineer
B.Tech,IT,2022,6.88,17,Software Engineer
B.Tech,AI,2015,5.09,4,Data Scientist
PhD,ML,2020,6.15,4,Manager
B.Tech,IT,2019,6.93,17,Software Engineer
BCA,IT,2016,5.42,10,Software Engineer
BCA,IT,2018,7.25,5,Data Analyst
BCA,IT,2023,6.08,1,Data Analyst
M.Tech,CSE,2020,6.45,10,Software Engineer
B.Tech,CSE,2024,6.08,3,Software Engineer
BCA,ML,2023,9.02,5,AI Developer
M.Tech,IT,2019,6.78,17,Software Engineer
PhD,IT,2018,5.53,18,Software Engineer
BCA,AI,2019,7.79,13,Data Scientist
M.Tech,IT,2023,5.33,15,Software Engineer
B.Tech,CSE,2020,7.05,1,Software Engineer
M.Tech,CE,2015,4.45,8,Software Engineer
Other,DS,2016,5.21,17,Data Analyst
M.Tech,CSE,2017,7.04,19,Software Engineer
M.Tech,CSE,2022,7.69,14,Software Engineer
B.Tech,CE,2021,7.01,12,Software Engineer
B.Tech,IT,2015,6.66,4,Software Engineer
B.Tech,CSE,2016,6.44,8,Software Engineer
B.Tech,IT,2021,5.03,6,Data Analyst
M.Tech,DS,2016,5.94,15,Data Scientist
PhD,CE,2023,6.25,1,Software Engineer
Other,ML,2017,8.07,14,ML Developer
B.Tech,IT,2015,7.21,6,Data Analyst
B.Tech,IT,2022,4.68,10,Software Engineer
B.Tech,Other,2023,7.19,16,Software Engineer
B.Tech,CSE,2015,6.34,19,Software Engineer
BCA,CE,2020,5.99,2,Software Engineer
M.Tech,IT,2023,7.53,6,Software Engineer
Other,CE,2017,8.04,3,Software Engineer
M.Tech,CSE,2016,7.92,19,Software Engineer
B.Tech,AI,2024,5.79,3,ML Developer
M.Tech,AI,2020,6.43,9,Software Engineer
M.Tech,CSE,2019,7.2,13,Software Engineer
B.Tech,AI,2022,7.97,11,Data Scientist
Other,CE,2024,6.22,19,Software Engineer
Other,CE,2018,6.58,17,Software Engineer
B.Tech,DS,2016,5.47,8,Data Analyst
B.Tech,ML,2019,5.36,20,Data Scientist
M.Tech,AI,2023,7.78,10,Data Scientist
B.Tech,DS,2019,8.43,4,Data Scientist
BCA,CSE,2019,6.71,20,Software Engineer
B.Tech,CSE,2019,8.0,17,Software Engineer
M.Tech,DS,2015,7.23,3,Data Scientist
BCA,CE,2020,6.03,5,Data Analyst
B.Tech,IT,2021,7.23,18,Software Engineer
B.Tech,CE,2017,8.65,18,Software Engineer
B.Tech,IT,2023,6.76,5,Data Analyst
B.Tech,CSE,2015,8.68,12,Software Engineer
B.Tech,CSE,2016,3.66,12,Software Engineer
BCA,DS,2021,7.79,20,Data Scientist
Other,CSE,2017,6.9,6,Data Analyst
B.Tech,ML,2020,6.44,14,Data Scientist
PhD,ML,2019,6.91,6,Data Scientist
B.Tech,CE,2022,4.41,8,Software Engineer
BCA,IT,2019,6.54,8,Software Engineer
B.Tech,CSE,2020,7.23,9,Software Engineer
PhD,Other,2019,8.57,12,Manager
M.Tech,ML,2020,6.18,1,Manager
PhD,CSE,2024,5.83,9,Software Engineer
B.Tech,AI,2020,6.2,11,ML Developer
M.Tech,IT,2021,7.9,19,Software Engineer
B.Tech,CE,2021,7.19,1,Software Engineer
B.Tech,CE,2020,6.16,20,Software Engineer
B.Tech,ML,2019,7.42,17,AI Developer
B.Tech,IT,2019,6.92,18,Software Engineer
B.Tech,IT,2021,7.96,6,Data Analyst
B.Tech,ML,2019,5.96,10,Software Engineer
B.Tech,AI,2020,6.41,15,ML Developer
B.Tech,CSE,2022,6.33,6,Software Engineer
B.Tech,AI,2024,5.04,11,Manager
BCA,ML,2019,7.16,8,Data Scientist
B.Tech,CE,2022,7.11,20,Software Engineer
BCA,CE,2021,6.81,19,Software Engineer
B.Tech,AI,2022,6.52,13,Software Engineer
B.Tech,AI,2016,5.1,14,Software Engineer
B.Tech,Other,2023,6.3,15,Manager
M.Tech,DS,2016,6.39,15,Data Analyst
M.Tech,IT,2023,5.84,20,Software Engineer
B.Tech,ML,2022,6.61,20,Data Scientist
PhD,IT,2023,7.28,15,Software Engineer
PhD,ML,2022,9.06,15,AI Developer
B.Tech,AI,2023,7.01,16,ML Developer
B.Tech,CE,2019,7.11,8,Data Analyst
B.Tech,DS,2016,6.71,5,Data Analyst
B.Tech,CSE,2018,4.5,3,Data Analyst
B.Tech,IT,2021,6.77,2,Software Engineer
BCA,IT,2024,6.87,1,Data Analyst
M.Tech,DS,2019,9.76,13,Data Scientist
Other,IT,2023,6.57,20,Software Engineer
PhD,IT,2019,7.16,14,Software Engineer
M.Tech,IT,2021,6.76,6,Data Analyst
Other,Other,2023,5.4,1,ML Developer
M.Tech,AI,2016,8.17,14,AI Developer
M.Tech,CE,2021,7.7,11,Software Engineer
B.Tech,CSE,2021,7.75,9,Software Engineer
BCA,ML,2019,5.71,3,ML Developer
B.Tech,IT,2020,8.48,8,Software Engineer
BCA,AI,2015,5.12,8,Software Engineer
BCA,AI,2018,7.5,5,ML Developer
B.Tech,DS,2022,9.43,9,Data Scientist
B.Tech,AI,2016,5.61,6,AI Developer
B.Tech,CE,2019,6.12,19,Software Engineer
M.Tech,Other,2021,6.92,7,Manager
M.Tech,ML,2018,6.2,4,Data Scientist
BCA,DS,2024,4.94,4,Data Scientist
M.Tech,CE,2023,6.88,14,Software Engineer
M.Tech,CE,2020,5.53,1,Data Analyst
BCA,CSE,2020,7.37,15,Software Engineer
BCA,IT,2023,5.7,9,Software Engineer
M.Tech,DS,2022,8.66,15,Data Analyst
BCA,CSE,2018,5.86,3,Data Analyst
PhD,CSE,2022,6.41,19,Software Engineer
M.Tech,IT,2015,7.78,16,Software Engineer
PhD,CSE,2018,5.32,12,Software Engineer
BCA,CSE,2024,7.07,9,Software Engineer
M.Tech,IT,2018,8.37,3,Software Engineer
BCA,IT,2018,4.87,16,Software Engineer
M.Tech,IT,2015,7.02,3,Data Analyst
B.Tech,AI,2019,7.11,19,AI Developer
M.Tech,CSE,2023,7.74,11,Software Engineer
B.Tech,IT,2019,5.32,9,Software Engineer
B.Tech,ML,2020,5.22,4,Data Scientist
M.Tech,ML,2017,7.43,7,AI Developer
M.Tech,ML,2023,7.16,20,AI Developer
B.Tech,CSE,2018,7.1,12,Software Engineer
B.Tech,CE,2023,7.22,5,Data Analyst
B.Tech,CE,2019,5.98,5,Data Analyst
B.Tech,CE,2019,7.08,16,Software Engineer
M.Tech,CSE,2015,7.15,9,Software Engineer
Other,IT,2016,5.94,13,Software Engineer
M.Tech,AI,2015,9.04,5,AI Developer
M.Tech,CSE,2018,7.37,4,Data Analyst
M.Tech,ML,2018,5.37,17,ML Developer
M.Tech,IT,2024,7.59,14,Software Engineer
B.Tech,AI,2024,5.63,4,Software Engineer
M.Tech,CSE,2016,7.74,6,Software Engineer
B.Tech,CE,2015,8.19,14,Software Engineer
M.Tech,AI,2019,5.82,2,Software Engineer
B.Tech,CSE,2022,7.96,3,Software Engineer
Other,ML,2024,7.3,7,ML Developer
M.Tech,AI,2019,7.79,5,AI Developer
B.Tech,CSE,2024,9.08,10,Software Engineer
B.Tech,IT,2019,6.51,13,Software Engineer
Other,IT,2022,5.9,15,Software Engineer
B.Tech,CE,2021,5.73,11,Software Engineer
M.Tech,CE,2018,5.82,19,Software Engineer
M.Tech,CE,2019,6.71,19,Software Engineer
B.Tech,ML,2022,7.21,17,ML Developer
Other,CSE,2024,7.13,14,Software Engineer
M.Tech,IT,2016,7.79,16,Software Engineer
B.Tech,CSE,2016,6.82,6,Data Analyst
B.Tech,IT,2021,8.54,18,Software Engineer
B.Tech,CE,2019,6.48,11,Software Engineer
B.Tech,ML,2023,10.0,1,ML Developer
M.Tech,IT,2018,7.55,17,Software Engineer
B.Tech,ML,2022,5.77,2,Software Engineer
B.Tech,CSE,2019,5.51,15,Software Engineer
PhD,IT,2015,7.38,20,Software Engineer
BCA,ML,2019,6.53,18,Manager
M.Tech,CE,2016,7.66,15,Software Engineer
Other,AI,2017,7.37,16,Data Scientist
B.Tech,ML,2021,6.71,16,ML Developer
B.Tech,AI,2021,5.78,7,Data Analyst
M.Tech,DS,2016,4.98,9,Data Scientist
PhD,CSE,2023,6.26,9,Software Engineer
BCA,CSE,2019,7.83,19,Software Engineer
M.Tech,AI,2017,7.06,15,ML Developer
B.Tech,AI,2023,5.31,13,ML Developer
Other,DS,2018,7.01,19,Data Analyst
PhD,IT,2020,7.26,16,Software Engineer
BCA,ML,2021,5.74,5,ML Developer
Other,CSE,2024,6.98,11,Software Engineer
PhD,DS,2022,6.87,4,Data Analyst
M.Tech,ML,2021,5.43,5,Manager
M.Tech,Other,2020,7.23,20,Data Scientist
B.Tech,CE,2020,7.47,18,Software Engineer
B.Tech,CSE,2022,8.1,18,Software Engineer
B.Tech,CE,2019,8.06,8,Software Engineer
B.Tech,CE,2016,5.15,15,Software Engineer
B.Tech,CSE,2015,5.67,2,Data Analyst
BCA,CSE,2020,7.42,14,Software Engineer
B.Tech,IT,2024,7.42,6,Software Engineer
B.Tech,AI,2021,7.42,20,ML Developer
M.Tech,AI,2018,10.0,15,ML Developer
M.Tech,AI,2022,7.49,10,ML Developer
B.Tech,IT,2020,8.16,19,Software Engineer
B.Tech,Other,2019,7.94,15,AI Developer
B.Tech,IT,2022,7.58,4,Software Engineer
B.Tech,IT,2019,6.42,10,Software Engineer
B.Tech,ML,2021,7.71,9,AI Developer
PhD,ML,2015,5.87,20,Manager
BCA,DS,2018,6.52,20,Data Scientist
B.Tech,CSE,2019,6.22,5,Software Engineer
Other,AI,2019,6.9,15,Manager
M.Tech,ML,2016,9.58,10,AI Developer
B.Tech,CSE,2023,4.56,12,Software Engineer
M.Tech,DS,2017,7.62,9,Data Scientist
Other,Other,2019,4.86,11,Manager
M.Tech,CE,2018,6.23,13,Software Engineer
Other,ML,2020,8.11,3,ML Developer
B.Tech,IT,2022,6.88,12,Software Engineer
M.Tech,AI,2024,5.51,13,Data Scientist
Other,CSE,2018,5.94,16,Software Engineer
B.Tech,DS,2023,7.62,11,Data Scientist
B.Tech,CE,2022,5.92,10,Software Engineer
M.Tech,CSE,2015,7.06,2,Data Analyst
Other,CSE,2018,6.85,18,Software Engineer
B.Tech,IT,2023,6.02,14,Software Engineer
M.Tech,ML,2021,9.37,4,Data Scientist
M.Tech,DS,2019,7.56,2,Data Scientist
B.Tech,IT,2018,4.37,12,Software Engineer
B.Tech,AI,2023,7.02,12,AI Developer
B.Tech,Other,2022,6.01,3,Data Scientist
B.Tech,AI,2015,7.82,2,ML Developer
B.Tech,CSE,2024,5.85,7,Software Engineer
BCA,AI,2024,6.66,7,Software Engineer
B.Tech,CSE,2024,7.41,1,Data Analyst
PhD,CSE,2017,7.84,18,Software Engineer
B.Tech,CSE,2015,5.36,5,Software Engineer
B.Tech,ML,2024,6.4,11,Manager
B.Tech,CE,2021,6.23,17,Software Engineer
B.Tech,CE,2022,6.02,12,Software Engineer
M.Tech,CSE,2023,8.92,8,Software Engineer
BCA,DS,2023,7.29,10,Data Analyst
Other,CE,2022,5.29,13,Software Engineer
B.Tech,CSE,2022,7.9,3,Software Engineer
B.Tech,CSE,2017,9.35,9,Software Engineer
M.Tech,AI,2020,8.04,13,Data Scientist
M.Tech,IT,2024,4.98,14,Software Engineer
B.Tech,ML,2023,6.22,7,ML Developer
M.Tech,CSE,2020,8.32,15,Software Engineer
B.Tech,ML,2020,5.95,14,AI Developer
M.Tech,IT,2017,7.33,16,Software Engineer
B.Tech,ML,2016,7.73,14,AI Developer
BCA,ML,2023,5.69,2,Data Analyst
Other,AI,2016,6.73,14,AI Developer
PhD,DS,2021,2.91,2,Data Scientist
M.Tech,IT,2024,5.57,17,Software Engineer
B.Tech,AI,2018,6.5,4,AI Developer
BCA,IT,2019,5.3,19,Software Engineer
B.Tech,IT,2023,8.76,20,Software Engineer
M.Tech,AI,2015,5.08,20,Data Scientist
BCA,CSE,2017,6.27,9,Software Engineer
BCA,CSE,2020,6.96,12,Software Engineer
B.Tech,DS,2024,8.53,13,Data Analyst
BCA,Other,2016,5.08,17,Software Engineer
B.Tech,IT,2017,8.2,12,Software Engineer
B.Tech,CSE,2024,6.81,20,Software Engineer
B.Tech,CE,2017,5.62,20,Software Engineer
B.Tech,CE,2022,7.35,14,Software Engineer
M.Tech,IT,2019,7.04,7,Software Engineer
B.Tech,CSE,2024,6.08,16,Software Engineer
M.Tech,CSE,2018,6.88,13,Software Engineer
Other,CE,2018,6.34,10,Software Engineer
Other,ML,2019,6.94,10,AI Developer
B.Tech,IT,2021,7.59,6,Software Engineer
B.Tech,ML,2023,8.7,18,Data Scientist
BCA,CE,2015,5.31,14,Software Engineer
B.Tech,DS,2020,9.36,19,Data Analyst
B.Tech,AI,2019,4.46,4,ML Developer
B.Tech,CSE,2024,6.62,15,Software Engineer
BCA,DS,2016,7.51,14,Data Scientist
B.Tech,AI,2023,7.14,3,AI Developer
B.Tech,CSE,2020,6.05,6,Software Engineer
M.Tech,CSE,2023,6.55,7,Data Analyst
B.Tech,Other,2017,6.21,8,Manager
B.Tech,CSE,2024,6.09,5,Software Engineer
B.Tech,ML,2022,7.82,15,ML Developer
BCA,IT,2024,7.23,20,Software Engineer
B.Tech,Other,2020,5.97,5,ML Developer
B.Tech,IT,2019,7.88,9,Software Engineer
M.Tech,IT,2016,7.17,10,Software Engineer
M.Tech,CE,2020,7.78,10,Software Engineer
B.Tech,DS,2016,7.56,20,Data Analyst
B.Tech,AI,2015,5.81,15,Data Analyst
M.Tech,CSE,2022,6.13,17,Software Engineer
B.Tech,CE,2016,7.7,11,Software Engineer
Other,CE,2017,7.53,2,Software Engineer
BCA,Other,2023,6.77,17,Data Analyst
B.Tech,IT,2019,6.94,13,Software Engineer
B.Tech,CSE,2024,8.33,2,Data Analyst
B.Tech,CE,2021,6.09,10,Software Engineer
B.Tech,DS,2024,7.46,5,Data Analyst
M.Tech,CSE,2020,6.56,10,Software Engineer
Other,AI,2021,6.54,5,Data Analyst
BCA,CE,2023,8.12,13,Software Engineer
M.Tech,CSE,2017,7.79,17,Software Engineer
B.Tech,AI,2023,7.78,12,AI Developer
B.Tech,Other,2020,8.37,16,Software Engineer
B.Tech,CSE,2016,6.83,10,Software Engineer
BCA,CSE,2023,7.62,17,Software Engineer
B.Tech,CSE,2024,6.43,5,Data Analyst
B.Tech,CSE,2024,7.19,6,Data Analyst
B.Tech,IT,2018,6.64,15,Software Engineer
M.Tech,ML,2022,6.92,8,Data Analyst
B.Tech,Other,2022,7.51,7,AI Developer
M.Tech,AI,2022,5.82,15,AI Developer
BCA,IT,2021,9.31,6,Software Engineer
BCA,CSE,2019,5.59,2,Data Analyst
PhD,AI,2016,5.34,17,Data Scientist
B.Tech,ML,2019,8.19,15,Data Scientist
B.Tech,IT,2018,7.75,15,Software Engineer
PhD,DS,2021,7.55,2,Data Analyst
B.Tech,IT,2016,7.55,12,Software Engineer
B.Tech,CSE,2016,6.79,11,Software Engineer
BCA,CSE,2019,5.72,16,Software Engineer
M.Tech,CSE,2022,6.89,15,Software Engineer
M.Tech,DS,2015,5.99,9,Data Analyst
B.Tech,DS,2024,7.97,17,Data Analyst
BCA,CSE,2016,6.62,2,Software Engineer
B.Tech,ML,2022,5.81,3,Manager
BCA,IT,2023,6.41,1,Software Engineer
BCA,CSE,2015,7.3,20,Software Engineer
B.Tech,AI,2017,6.12,3,Data Analyst
Other,CE,2023,5.81,18,Software Engineer
M.Tech,Other,2023,7.09,1,ML Developer
PhD,CE,2021,7.09,12,Software Engineer
B.Tech,CE,2016,6.19,12,Software Engineer
B.Tech,AI,2016,6.23,19,Data Scientist
BCA,CSE,2020,7.08,18,Software Engineer
B.Tech,AI,2022,5.06,16,Data Scientist
B.Tech,CSE,2022,5.11,2,Data Analyst
B.Tech,ML,2015,5.94,11,AI Developer
M.Tech,Other,2023,6.54,16,AI Developer
B.Tech,AI,2019,7.17,12,Data Scientist
B.Tech,AI,2019,8.57,4,ML Developer
B.Tech,IT,2022,7.83,13,Software Engineer
B.Tech,CSE,2022,6.61,12,Software Engineer
Other,IT,2016,6.78,14,Software Engineer
B.Tech,AI,2017,5.6,18,AI Developer
B.Tech,CE,2019,6.78,10,Software Engineer
B.Tech,ML,2017,6.45,15,AI Developer
B.Tech,ML,2020,7.19,20,Data Scientist
B.Tech,Other,2015,5.81,3,Data Scientist
M.Tech,IT,2017,7.42,1,Software Engineer
BCA,AI,2022,8.64,2,AI Developer
B.Tech,AI,2020,6.67,13,Data Analyst
B.Tech,CSE,2022,7.28,12,Software Engineer
B.Tech,ML,2024,7.63,5,ML Developer
B.Tech,AI,2018,6.32,4,Manager
BCA,IT,2021,7.07,18,Software Engineer
B.Tech,ML,2022,6.82,7,Data Analyst
B.Tech,DS,2022,6.92,7,Data Analyst
PhD,IT,2022,5.87,3,Data Analyst
M.Tech,ML,2023,6.83,18,AI Developer
PhD,DS,2017,7.4,12,Data Analyst
B.Tech,CSE,2017,8.54,8,Data Analyst
B.Tech,AI,2020,7.95,15,Data Scientist
M.Tech,AI,2016,9.38,3,AI Developer
Other,ML,2023,5.88,14,ML Developer
BCA,CE,2020,7.85,3,Data Analyst
M.Tech,IT,2017,7.02,18,Software Engineer
M.Tech,CSE,2017,9.43,14,Software Engineer
M.Tech,DS,2016,5.83,17,Data Analyst
B.Tech,CSE,2018,5.79,12,Software Engineer
Other,IT,2019,6.08,3,Data Analyst
B.Tech,Other,2019,4.25,5,Data Scientist
B.Tech,IT,2023,6.17,6,Software Engineer
B.Tech,AI,2024,5.89,11,Data Analyst
B.Tech,DS,2016,6.98,2,Data Scientist
BCA,CSE,2018,7.21,19,Software Engineer
B.Tech,AI,2022,9.05,18,AI Developer
Other,IT,2021,7.94,10,Software Engineer
M.Tech,AI,2017,6.11,15,ML Developer
M.Tech,CSE,2024,5.72,5,Data Analyst
PhD,CSE,2020,7.39,13,Software Engineer
B.Tech,IT,2023,5.22,4,Data Analyst
B.Tech,CSE,2022,9.0,8,Software Engineer
B.Tech,CSE,2021,8.22,20,Software Engineer
B.Tech,Other,2017,6.24,11,Data Analyst
BCA,CSE,2017,4.74,16,Software Engineer
Other,IT,2019,8.42,16,Software Engineer
B.Tech,DS,2023,6.66,15,Data Scientist
B.Tech,IT,2015,8.29,10,Software Engineer
M.Tech,DS,2022,4.89,10,Data Analyst
BCA,IT,2019,6.08,12,Software Engineer
BCA,IT,2021,6.81,2,Software Engineer
B.Tech,CSE,2021,6.86,17,Software Engineer
M.Tech,IT,2024,6.26,20,Software Engineer
B.Tech,Other,2021,7.55,12,AI Developer
M.Tech,IT,2017,5.52,7,Data Analyst
M.Tech,CE,2017,6.63,11,Software Engineer
BCA,IT,2017,6.94,20,Software Engineer
PhD,CSE,2024,7.42,11,Software Engineer
B.Tech,Other,2019,7.65,19,AI Developer
M.Tech,IT,2022,5.45,19,Software Engineer
B.Tech,ML,2020,4.96,11,Data Scientist
B.Tech,IT,2019,8.33,1,Data Analyst
B.Tech,AI,2024,7.2,19,AI Developer
B.Tech,IT,2023,5.9,20,Software Engineer
BCA,IT,2018,8.66,2,Software Engineer
B.Tech,IT,2021,6.94,5,Data Analyst
M.Tech,IT,2024,8.22,16,Software Engineer
PhD,ML,2015,6.88,5,Data Scientist
M.Tech,Other,2022,9.27,17,ML Developer
B.Tech,CSE,2023,8.91,11,Software Engineer
M.Tech,AI,2019,6.5,20,ML Developer
B.Tech,CSE,2023,7.97,10,Software Engineer
B.Tech,Other,2019,7.57,10,Data Scientist
B.Tech,ML,2020,8.44,16,AI Developer
Other,ML,2019,5.64,10,Manager
M.Tech,IT,2021,7.62,12,Software Engineer
Other,ML,2019,8.07,2,AI Developer
BCA,CSE,2022,4.69,9,Software Engineer
BCA,CSE,2023,5.38,9,Software Engineer
Other,AI,2017,4.35,4,Data Analyst
BCA,CSE,2015,6.48,17,Software Engineer
B.Tech,CSE,2016,7.66,14,Software Engineer
B.Tech,IT,2017,8.6,1,Software Engineer
B.Tech,DS,2022,6.89,16,Data Scientist
BCA,CSE,2019,8.75,2,Software Engineer
M.Tech,CSE,2015,5.14,6,Data Analyst
PhD,CSE,2015,4.76,13,Software Engineer
BCA,CSE,2019,6.73,2,Software Engineer
B.Tech,AI,2020,7.26,10,ML Developer
M.Tech,IT,2017,6.76,17,Software Engineer
M.Tech,CSE,2016,4.32,11,Software Engineer
B.Tech,IT,2019,6.69,6,Software Engineer
BCA,ML,2024,5.23,7,Software Engineer
M.Tech,AI,2021,7.6,14,ML Developer
B.Tech,AI,2017,7.24,5,ML Developer
Other,CE,2021,5.67,8,Data Analyst
BCA,Other,2019,6.18,19,Data Scientist
M.Tech,CSE,2020,5.53,8,Software Engineer
M.Tech,IT,2017,6.72,13,Software Engineer
M.Tech,DS,2019,7.95,4,Data Scientist
Other,IT,2018,5.62,8,Software Engineer
M.Tech,IT,2024,7.4,12,Software Engineer
B.Tech,IT,2022,6.16,18,Software Engineer
BCA,ML,2018,5.85,20,Manager
M.Tech,IT,2020,6.67,3,Software Engineer
B.Tech,IT,2023,5.56,7,Software Engineer
B.Tech,DS,2022,6.14,4,Data Scientist
BCA,IT,2023,5.36,15,Software Engineer
BCA,IT,2023,9.16,14,Software Engineer
M.Tech,CE,2022,6.84,10,Software Engineer
BCA,IT,2015,5.96,7,Software Engineer
B.Tech,CSE,2016,7.06,18,Software Engineer
Other,DS,2016,6.67,16,Data Analyst
B.Tech,ML,2021,6.53,12,ML Developer
B.Tech,DS,2021,7.54,13,Data Analyst
Other,DS,2017,7.71,12,Data Analyst
Other,IT,2017,6.16,8,Software Engineer
BCA,Other,2022,6.11,18,ML Developer
M.Tech,ML,2018,6.47,15,AI Developer
B.Tech,CSE,2016,4.04,2,Data Analyst
M.Tech,DS,2015,4.98,8,Data Analyst
B.Tech,CE,2024,8.44,2,Software Engineer
BCA,IT,2018,8.77,18,Software Engineer
B.Tech,DS,2015,6.5,5,Data Analyst
B.Tech,ML,2024,7.49,11,ML Developer
BCA,ML,2018,7.17,10,Data Scientist
Other,IT,2021,10.0,10,Software Engineer
B.Tech,AI,2024,8.14,6,ML Developer
B.Tech,IT,2020,6.65,13,Software Engineer
BCA,CSE,2021,5.65,14,Software Engineer
B.Tech,IT,2023,4.87,16,Software Engineer
B.Tech,CSE,2017,7.04,15,Software Engineer
Other,AI,2021,5.89,18,Data Analyst
B.Tech,CSE,2018,5.09,11,Software Engineer
M.Tech,DS,2020,6.02,3,Data Analyst
BCA,CE,2021,5.5,20,Software Engineer
M.Tech,DS,2018,8.82,19,Data Scientist
M.Tech,IT,2020,7.86,10,Software Engineer
Other,CE,2018,6.79,4,Data Analyst
Other,AI,2018,8.58,13,Data Scientist
M.Tech,ML,2021,6.89,15,Data Analyst
M.Tech,CSE,2020,5.77,17,Software Engineer
PhD,IT,2022,8.63,11,Software Engineer
Other,IT,2021,7.45,2,Software Engineer
BCA,CE,2023,5.56,19,Software Engineer
M.Tech,IT,2017,6.57,7,Data Analyst
B.Tech,AI,2018,5.75,16,Data Analyst
M.Tech,AI,2019,5.14,16,Data Scientist
M.Tech,IT,2017,7.91,12,Software Engineer
B.Tech,ML,2022,9.09,6,Data Scientist
M.Tech,AI,2015,5.12,17,Manager
BCA,CE,2015,7.48,1,Data Analyst
B.Tech,AI,2016,6.02,5,Manager
B.Tech,IT,2015,6.22,20,Software Engineer
M.Tech,DS,2022,6.09,16,Data Analyst
M.Tech,IT,2015,5.76,17,Software Engineer
BCA,IT,2019,6.86,1,Data Analyst
BCA,DS,2016,5.8,4,Data Analyst
B.Tech,AI,2019,7.12,12,AI Developer
B.Tech,IT,2021,6.74,15,Software Engineer
M.Tech,Other,2018,6.51,10,Data Scientist
BCA,CE,2015,5.71,3,Data Analyst
B.Tech,AI,2015,6.11,1,Data Scientist
B.Tech,IT,2021,7.71,11,Software Engineer
M.Tech,DS,2016,7.4,17,Data Scientist
B.Tech,DS,2024,5.63,16,Data Analyst
Other,AI,2019,6.92,18,Data Analyst
M.Tech,CSE,2020,7.7,1,Software Engineer
M.Tech,ML,2021,4.8,3,AI Developer
B.Tech,CSE,2021,7.45,18,Software Engineer
B.Tech,ML,2017,6.0,3,Data Analyst
BCA,CSE,2016,7.48,14,Software Engineer
B.Tech,CE,2024,5.88,20,Software Engineer
Other,IT,2020,4.63,1,Data Analyst
BCA,IT,2018,4.85,12,Software Engineer
M.Tech,IT,2017,6.86,19,Software Engineer
M.Tech,CE,2024,7.11,10,Software Engineer
BCA,ML,2016,5.71,9,Software Engineer
B.Tech,ML,2017,7.57,13,AI Developer
B.Tech,CE,2019,4.81,15,Software Engineer
B.Tech,CSE,2017,6.72,3,Software Engineer
B.Tech,AI,2023,5.35,14,Manager
B.Tech,IT,2016,6.02,20,Software Engineer
M.Tech,CSE,2021,6.86,1,Data Analyst
B.Tech,ML,2023,5.77,8,Data Analyst
M.Tech,AI,2017,6.34,5,AI Developer
B.Tech,IT,2016,8.01,6,Data Analyst
B.Tech,CSE,2016,6.11,12,Software Engineer
B.Tech,CSE,2022,7.8,20,Software Engineer
M.Tech,IT,2017,5.44,10,Software Engineer
B.Tech,IT,2024,7.44,13,Software Engineer
BCA,CSE,2020,8.53,14,Software Engineer
BCA,DS,2024,3.83,5,Data Analyst
M.Tech,AI,2022,5.84,11,Software Engineer
Other,Other,2019,7.49,16,Data Analyst
BCA,CSE,2019,6.56,13,Software Engineer
B.Tech,DS,2018,7.25,19,Data Scientist
B.Tech,ML,2015,6.08,15,Data Scientist
B.Tech,ML,2016,6.9,14,Data Scientist
M.Tech,AI,2018,6.61,9,Data Scientist
B.Tech,IT,2021,8.2,3,Data Analyst
Other,IT,2021,7.11,18,Software Engineer
M.Tech,DS,2021,7.21,18,Data Analyst
Other,ML,2023,6.31,20,Data Scientist
Other,CSE,2018,6.21,12,Software Engineer
B.Tech,AI,2024,6.28,13,AI Developer
Other,IT,2015,7.27,4,Data Analyst
B.Tech,ML,2023,6.29,19,Data Scientist
M.Tech,IT,2021,7.15,15,Software Engineer
BCA,AI,2023,9.29,5,AI Developer
B.Tech,CSE,2021,7.85,3,Software Engineer
BCA,ML,2020,6.41,10,AI Developer
M.Tech,CSE,2022,8.24,12,Software Engineer
M.Tech,IT,2022,6.31,11,Software Engineer
B.Tech,CE,2016,4.35,1,Data Analyst
M.Tech,AI,2017,5.59,8,Data Analyst
B.Tech,CSE,2023,4.56,14,Software Engineer
Other,CSE,2021,6.38,6,Software Engineer
M.Tech,IT,2015,6.82,20,Software Engineer
PhD,IT,2021,8.81,13,Software Engineer
B.Tech,CSE,2019,7.19,3,Software Engineer
BCA,IT,2020,6.54,11,Software Engineer
B.Tech,CSE,2022,7.8,17,Software Engineer
Other,CSE,2021,4.15,20,Software Engineer
B.Tech,CSE,2020,7.08,15,Software Engineer
M.Tech,ML,2019,7.73,20,ML Developer
M.Tech,CSE,2018,5.03,10,Software Engineer
B.Tech,IT,2017,8.17,17,Software Engineer
B.Tech,AI,2024,7.21,13,ML Developer
M.Tech,IT,2017,6.3,18,Software Engineer
B.Tech,CSE,2017,7.56,11,Software Engineer
BCA,AI,2020,9.52,1,ML Developer
B.Tech,IT,2023,7.02,17,Software Engineer
M.Tech,IT,2022,7.1,14,Software Engineer
BCA,IT,2017,6.25,3,Software Engineer
BCA,CSE,2015,5.78,9,Software Engineer
B.Tech,CSE,2022,7.8,19,Software Engineer
BCA,ML,2023,5.77,17,Manager
M.Tech,CSE,2023,6.89,12,Software Engineer
M.Tech,ML,2022,6.23,18,Software Engineer
Other,CSE,2018,7.37,10,Software Engineer
PhD,CE,2019,7.2,12,Software Engineer
PhD,CE,2016,8.05,8,Software Engineer
BCA,AI,2020,6.19,20,Data Scientist
B.Tech,AI,2018,6.48,7,Manager
M.Tech,IT,2024,5.63,18,Software Engineer
B.Tech,Other,2019,6.27,10,Data Analyst
B.Tech,DS,2016,7.25,5,Data Scientist
BCA,DS,2019,7.71,5,Data Scientist
B.Tech,CSE,2020,5.69,8,Data Analyst
M.Tech,AI,2019,7.84,14,AI Developer
B.Tech,ML,2016,8.43,13,ML Developer
B.Tech,DS,2020,7.3,15,Data Scientist
B.Tech,CE,2016,9.05,15,Software Engineer
M.Tech,AI,2016,5.87,18,ML Developer
B.Tech,IT,2018,5.31,16,Software Engineer
B.Tech,ML,2020,4.67,18,Data Analyst
B.Tech,DS,2020,8.6,2,Data Analyst
M.Tech,ML,2015,7.59,4,Data Scientist
B.Tech,IT,2021,6.73,7,Software Engineer
PhD,CSE,2019,7.14,3,Data Analyst
B.Tech,IT,2017,5.45,2,Data Analyst
M.Tech,ML,2018,9.73,14,ML Developer
BCA,CE,2022,6.96,3,Software Engineer
M.Tech,IT,2022,6.93,1,Software Engineer
M.Tech,ML,2021,7.67,5,ML Developer
B.Tech,CE,2016,7.38,4,Data Analyst
B.Tech,CSE,2021,7.07,5,Software Engineer
B.Tech,AI,2024,5.85,6,ML Developer
B.Tech,CSE,2017,7.37,14,Software Engineer
M.Tech,IT,2018,9.06,3,Software Engineer
B.Tech,CSE,2021,8.41,12,Software Engineer
Other,CSE,2017,8.71,8,Data Analyst
M.Tech,CSE,2024,6.19,20,Software Engineer
BCA,CSE,2015,5.61,10,Software Engineer
B.Tech,AI,2018,6.65,13,AI Developer
M.Tech,ML,2018,6.87,16,ML Developer
B.Tech,IT,2024,8.11,3,Software Engineer
Other,DS,2017,4.77,13,Data Scientist
M.Tech,IT,2017,8.64,16,Software Engineer
Other,ML,2015,6.61,19,Manager
B.Tech,CSE,2015,6.29,13,Software Engineer
M.Tech,AI,2023,5.59,14,ML Developer
BCA,CE,2023,4.81,18,Software Engineer
M.Tech,CSE,2019,7.79,3,Software Engineer
Other,CSE,2020,6.89,13,Software Engineer
M.Tech,ML,2016,5.25,10,Data Scientist
B.Tech,Other,2018,5.25,2,Software Engineer
B.Tech,IT,2022,6.4,20,Software Engineer
M.Tech,CSE,2017,8.8,4,Software Engineer
BCA,ML,2017,6.49,16,AI Developer
M.Tech,ML,2019,5.0,6,AI Developer
B.Tech,ML,2019,6.51,4,Manager
B.Tech,IT,2023,6.47,3,Data Analyst
BCA,AI,2016,3.56,16,ML Developer
M.Tech,CE,2024,6.73,6,Data Analyst
B.Tech,ML,2024,6.52,4,Software Engineer
BCA,CE,2015,7.64,8,Software Engineer
M.Tech,IT,2017,9.02,6,Software Engineer
M.Tech,DS,2021,8.15,8,Data Analyst
B.Tech,ML,2019,6.48,3,Data Analyst
B.Tech,IT,2015,5.47,6,Software Engineer
BCA,Other,2021,9.89,3,ML Developer
PhD,ML,2019,6.87,11,Data Scientist
M.Tech,CE,2018,6.82,10,Software Engineer
M.Tech,CSE,2024,6.77,8,Data Analyst
B.Tech,Other,2018,7.04,18,Software Engineer
B.Tech,DS,2015,6.63,8,Data Analyst
M.Tech,AI,2015,6.11,11,Manager
BCA,IT,2019,6.14,4,Software Engineer
M.Tech,CSE,2022,6.76,2,Software Engineer
BCA,CE,2018,6.15,17,Software Engineer
B.Tech,DS,2022,5.94,3,Data Analyst
M.Tech,AI,2021,6.93,3,Data Analyst
M.Tech,IT,2017,6.49,8,Data Analyst
B.Tech,CSE,2021,8.6,11,Software Engineer
B.Tech,CSE,2016,3.62,7,Software Engineer
BCA,AI,2017,8.11,4,AI Developer
M.Tech,IT,2023,8.3,12,Software Engineer
Other,CSE,2019,4.31,15,Software Engineer
B.Tech,CSE,2017,6.39,10,Software Engineer
BCA,AI,2015,6.35,7,AI Developer
B.Tech,ML,2020,5.11,13,Data Analyst
B.Tech,CSE,2017,5.87,1,Data Analyst
PhD,AI,2023,5.47,8,Data Scientist
M.Tech,ML,2017,8.9,4,AI Developer
BCA,Other,2017,7.92,7,ML Developer
B.Tech,AI,2016,8.33,19,ML Developer
Other,CE,2016,7.67,7,Data Analyst
BCA,CE,2020,5.45,4,Software Engineer
Other,CE,2024,6.17,14,Software Engineer
BCA,IT,2015,7.39,13,Software Engineer
M.Tech,CSE,2018,5.33,6,Data Analyst
B.Tech,DS,2015,7.66,20,Data Scientist
B.Tech,CSE,2021,6.51,18,Software Engineer
M.Tech,CE,2021,6.35,5,Data Analyst
B.Tech,DS,2023,7.65,8,Data Scientist
BCA,ML,2021,7.33,12,ML Developer
BCA,CSE,2024,6.37,17,Software Engineer
B.Tech,CSE,2015,8.19,11,Software Engineer
M.Tech,CE,2019,5.5,2,Data Analyst
M.Tech,ML,2018,7.54,6,AI Developer
M.Tech,CSE,2015,7.51,8,Data Analyst
B.Tech,ML,2017,6.43,6,Software Engineer
M.Tech,ML,2020,7.19,19,AI Developer
BCA,DS,2024,5.3,5,Data Analyst
B.Tech,Other,2022,7.91,18,AI Developer
B.Tech,CE,2015,6.58,8,Software Engineer
B.Tech,IT,2020,6.17,20,Software Engineer
B.Tech,CSE,2017,8.06,11,Software Engineer
B.Tech,CSE,2017,5.95,4,Data Analyst
Other,IT,2021,5.11,19,Software Engineer
B.Tech,CSE,2017,4.93,6,Data Analyst
BCA,Other,2020,7.53,6,Data Scientist
Other,AI,2024,5.26,12,Software Engineer
M.Tech,ML,2021,8.91,10,ML Developer
B.Tech,CSE,2015,4.3,19,Software Engineer
B.Tech,Other,2024,8.84,2,Software Engineer
M.Tech,DS,2024,7.05,8,Data Scientist
B.Tech,IT,2020,6.68,3,Software Engineer
B.Tech,CSE,2016,6.15,11,Software Engineer
B.Tech,CSE,2018,7.28,3,Data Analyst
B.Tech,CSE,2015,6.75,2,Data Analyst
B.Tech,IT,2017,8.12,14,Software Engineer
M.Tech,IT,2023,6.94,13,Software Engineer
B.Tech,IT,2024,6.98,8,Software Engineer
M.Tech,ML,2015,6.36,10,Manager
B.Tech,Other,2016,6.73,11,Software Engineer
PhD,CSE,2016,7.17,18,Software Engineer
Other,Other,2020,4.75,20,Data Analyst
PhD,ML,2021,5.18,6,Manager
B.Tech,CSE,2018,7.69,7,Data Analyst
M.Tech,ML,2023,7.01,9,ML Developer
B.Tech,CE,2021,6.58,19,Software Engineer
M.Tech,IT,2015,6.82,12,Software Engineer
B.Tech,CE,2024,7.22,16,Software Engineer
B.Tech,CE,2017,6.15,10,Software Engineer
Other,IT,2016,5.87,10,Software Engineer
BCA,IT,2019,7.04,3,Data Analyst
B.Tech,DS,2020,5.63,6,Data Analyst
B.Tech,IT,2018,7.29,9,Software Engineer
M.Tech,CSE,2016,4.76,3,Data Analyst
BCA,IT,2024,8.03,8,Software Engineer
BCA,ML,2021,7.37,18,ML Developer
Other,AI,2018,7.11,16,AI Developer
B.Tech,DS,2015,7.98,17,Data Analyst
M.Tech,AI,2024,8.8,5,AI Developer
BCA,CSE,2017,8.02,7,Software Engineer
B.Tech,IT,2021,4.59,7,Software Engineer
BCA,CSE,2016,5.26,3,Data Analyst
M.Tech,AI,2019,6.05,17,ML Developer
Other,CE,2024,6.83,19,Software Engineer
M.Tech,IT,2021,7.42,5,Software Engineer
M.Tech,AI,2016,5.93,4,Data Analyst
BCA,ML,2023,7.02,12,Data Scientist
B.Tech,AI,2024,5.89,20,ML Developer
B.Tech,CSE,2017,6.07,20,Software Engineer
M.Tech,AI,2015,5.11,13,AI Developer
M.Tech,CE,2022,5.69,9,Software Engineer
PhD,CE,2019,5.18,10,Software Engineer
B.Tech,IT,2016,5.63,8,Software Engineer
B.Tech,ML,2020,8.06,9,ML Developer
M.Tech,CE,2022,5.66,7,Data Analyst
BCA,ML,2020,9.96,2,ML Developer
B.Tech,CSE,2023,7.39,13,Software Engineer
B.Tech,DS,2024,7.02,1,Data Analyst
PhD,CSE,2015,5.77,8,Software Engineer
M.Tech,DS,2018,7.64,9,Data Analyst
M.Tech,IT,2016,6.11,1,Software Engineer
B.Tech,AI,2017,6.95,16,Data Analyst
M.Tech,CSE,2019,9.87,3,Data Analyst
B.Tech,CE,2024,6.68,7,Software Engineer
M.Tech,AI,2019,8.18,14,ML Developer
PhD,Other,2015,5.96,16,Data Scientist
M.Tech,AI,2015,6.76,8,AI Developer
M.Tech,DS,2019,8.92,14,Data Scientist
PhD,IT,2018,6.05,15,Software Engineer
B.Tech,IT,2024,8.97,13,Software Engineer
M.Tech,CE,2020,7.65,18,Software Engineer
M.Tech,AI,2019,6.13,4,ML Developer
B.Tech,Other,2020,7.56,9,AI Developer
M.Tech,Other,2019,7.97,7,Software Engineer
M.Tech,CSE,2015,7.55,20,Software Engineer
B.Tech,CSE,2017,4.92,1,Data Analyst
Other,CSE,2021,5.93,13,Software Engineer
B.Tech,CE,2024,6.5,7,Data Analyst
BCA,CSE,2023,6.71,16,Software Engineer
Other,AI,2023,7.54,10,Data Scientist
BCA,DS,2017,7.01,10,Data Analyst
B.Tech,CSE,2023,5.2,6,Data Analyst
M.Tech,CSE,2018,7.26,10,Software Engineer
B.Tech,DS,2020,7.53,9,Data Analyst
M.Tech,CSE,2015,7.47,19,Software Engineer
M.Tech,AI,2022,8.1,7,ML Developer
PhD,IT,2019,7.8,14,Software Engineer
B.Tech,DS,2017,7.35,7,Data Analyst
Other,DS,2022,6.72,5,Data Analyst
BCA,ML,2022,4.81,11,Data Scientist
Other,CSE,2015,7.32,1,Data Analyst
B.Tech,ML,2017,7.05,19,ML Developer
M.Tech,ML,2016,7.13,5,ML Developer
M.Tech,IT,2022,5.27,13,Software Engineer
B.Tech,IT,2020,5.5,1,Data Analyst
BCA,IT,2015,8.06,1,Software Engineer
B.Tech,DS,2019,6.75,5,Data Analyst
M.Tech,CSE,2016,7.62,2,Data Analyst
Other,IT,2023,6.83,20,Software Engineer
M.Tech,IT,2017,6.84,11,Software Engineer
Other,IT,2018,7.93,6,Data Analyst
B.Tech,CSE,2017,6.18,7,Software Engineer
M.Tech,CSE,2020,6.92,2,Data Analyst
PhD,CSE,2023,6.25,20,Software Engineer
B.Tech,Other,2016,6.28,1,Manager
M.Tech,IT,2021,6.43,4,Data Analyst
M.Tech,CSE,2015,7.07,10,Software Engineer
B.Tech,CSE,2023,6.23,9,Software Engineer
M.Tech,ML,2021,8.31,4,ML Developer
M.Tech,CSE,2016,5.73,16,Software Engineer
B.Tech,CSE,2019,6.58,17,Software Engineer
Other,IT,2021,6.27,10,Software Engineer
B.Tech,IT,2018,8.54,16,Software Engineer
B.Tech,CE,2016,7.04,4,Data Analyst
B.Tech,CE,2023,8.04,3,Software Engineer
Other,AI,2022,5.02,10,AI Developer
M.Tech,CE,2017,7.12,2,Data Analyst
B.Tech,AI,2021,7.87,4,AI Developer
BCA,CE,2017,6.9,6,Data Analyst
B.Tech,IT,2024,8.08,9,Software Engineer
PhD,CE,2020,6.18,6,Software Engineer
B.Tech,Other,2019,8.49,13,Data Scientist
PhD,ML,2017,9.56,4,AI Developer
BCA,Other,2017,6.36,4,ML Developer
Other,IT,2024,6.27,15,Software Engineer
B.Tech,IT,2020,8.54,20,Software Engineer
B.Tech,AI,2017,8.7,16,Data Scientist
B.Tech,IT,2015,6.17,3,Data Analyst
M.Tech,CE,2023,6.3,19,Software Engineer
BCA,CSE,2020,6.46,17,Software Engineer
M.Tech,ML,2016,5.19,14,Data Scientist
BCA,IT,2021,5.7,5,Software Engineer
B.Tech,DS,2023,5.6,16,Data Scientist
PhD,CE,2022,5.88,11,Software Engineer
B.Tech,Other,2015,6.76,17,Software Engineer
M.Tech,IT,2018,7.08,3,Data Analyst
B.Tech,AI,2016,8.66,16,ML Developer
B.Tech,IT,2015,5.6,4,Data Analyst
B.Tech,AI,2015,7.98,3,ML Developer
Other,AI,2023,6.54,18,Software Engineer
M.Tech,IT,2020,6.74,12,Software Engineer
BCA,ML,2022,7.61,11,ML Developer
M.Tech,IT,2020,5.45,15,Software Engineer
B.Tech,ML,2018,7.26,1,AI Developer
BCA,Other,2019,7.0,18,Data Analyst
B.Tech,CSE,2017,7.39,16,Software Engineer
B.Tech,ML,2021,7.15,4,AI Developer
B.Tech,CSE,2021,9.75,7,Data Analyst
BCA,CSE,2020,6.03,4,Data Analyst
B.Tech,AI,2024,6.16,4,ML Developer
M.Tech,AI,2023,6.05,5,ML Developer
B.Tech,ML,2023,6.13,14,Data Analyst
M.Tech,IT,2017,6.04,19,Software Engineer
B.Tech,ML,2016,8.23,13,ML Developer
M.Tech,CSE,2021,8.5,14,Software Engineer
Other,DS,2018,6.12,9,Data Analyst
B.Tech,CSE,2017,5.8,5,Data Analyst
M.Tech,DS,2023,7.37,10,Data Scientist
M.Tech,CSE,2023,6.14,7,Software Engineer
B.Tech,ML,2020,7.56,5,Data Scientist
M.Tech,Other,2023,7.04,18,Data Scientist
M.Tech,ML,2020,4.98,18,ML Developer
M.Tech,DS,2021,8.66,18,Data Analyst
BCA,ML,2023,8.96,4,AI Developer
B.Tech,AI,2018,6.06,9,Software Engineer
Other,AI,2017,6.33,2,Data Scientist
BCA,CSE,2023,7.14,2,Data Analyst
BCA,CSE,2023,7.2,8,Data Analyst
B.Tech,ML,2019,7.59,2,Data Scientist
B.Tech,Other,2020,9.21,18,Manager
B.Tech,CSE,2024,6.59,15,Software Engineer
BCA,DS,2020,5.84,19,Data Analyst
M.Tech,ML,2018,5.14,10,ML Developer
B.Tech,AI,2017,5.92,6,Data Scientist
M.Tech,IT,2021,6.76,9,Software Engineer
M.Tech,CSE,2024,8.95,9,Software Engineer
B.Tech,IT,2017,6.18,2,Software Engineer
Other,AI,2024,7.07,10,ML Developer
M.Tech,IT,2020,6.78,17,Software Engineer
B.Tech,CSE,2016,8.23,17,Software Engineer
B.Tech,IT,2021,9.83,3,Data Analyst
B.Tech,CSE,2020,6.16,11,Software Engineer
B.Tech,CSE,2024,6.21,17,Software Engineer
M.Tech,AI,2015,8.05,4,ML Developer
B.Tech,DS,2024,7.62,20,Data Analyst
B.Tech,DS,2021,9.02,4,Data Analyst
M.Tech,CSE,2023,7.5,12,Software Engineer
M.Tech,IT,2022,6.37,2,Data Analyst
PhD,CSE,2023,7.51,3,Software Engineer
B.Tech,Other,2023,8.13,18,Manager
M.Tech,CSE,2018,7.78,14,Software Engineer
BCA,CSE,2021,7.41,3,Software Engineer
B.Tech,ML,2015,8.08,3,AI Developer
B.Tech,CSE,2016,8.2,19,Software Engineer
BCA,DS,2021,8.46,13,Data Analyst
B.Tech,CSE,2021,7.58,4,Software Engineer
M.Tech,AI,2024,6.6,2,Data Scientist
BCA,IT,2023,6.98,4,Data Analyst
BCA,CSE,2016,8.25,10,Software Engineer
BCA,IT,2021,5.82,1,Data Analyst
B.Tech,CSE,2021,7.24,18,Software Engineer
B.Tech,AI,2019,6.33,12,Manager
M.Tech,AI,2016,6.83,2,Manager
M.Tech,IT,2023,8.33,3,Data Analyst
B.Tech,ML,2020,7.03,7,ML Developer
M.Tech,IT,2017,6.86,6,Software Engineer
M.Tech,CSE,2016,5.17,6,Software Engineer
PhD,DS,2023,7.7,15,Data Scientist
B.Tech,AI,2019,7.57,4,AI Developer
M.Tech,Other,2020,9.4,5,Data Scientist
M.Tech,CSE,2024,6.43,3,Software Engineer
B.Tech,IT,2024,7.06,10,Software Engineer
M.Tech,CSE,2024,7.1,12,Software Engineer
BCA,Other,2017,8.69,1,AI Developer
B.Tech,CSE,2021,6.69,9,Software Engineer
BCA,CSE,2020,7.13,16,Software Engineer
M.Tech,IT,2019,7.53,16,Software Engineer
M.Tech,CSE,2024,7.02,3,Data Analyst
PhD,CSE,2023,6.26,7,Data Analyst
BCA,AI,2016,7.03,1,Data Scientist
M.Tech,ML,2024,8.09,13,ML Developer
B.Tech,CE,2019,5.57,18,Software Engineer
PhD,IT,2017,6.96,12,Software Engineer
B.Tech,DS,2024,5.96,10,Data Analyst
M.Tech,CE,2020,8.23,17,Software Engineer
B.Tech,CSE,2024,4.97,6,Software Engineer
B.Tech,CSE,2024,6.13,5,Data Analyst
Other,CE,2022,7.25,8,Software Engineer
B.Tech,CSE,2018,8.68,17,Software Engineer
Other,IT,2022,6.72,15,Software Engineer
PhD,CE,2020,6.13,4,Data Analyst
BCA,CSE,2023,9.06,19,Software Engineer
B.Tech,AI,2020,5.06,19,Data Scientist
PhD,CE,2019,4.16,13,Software Engineer
Other,CSE,2021,7.33,12,Software Engineer
BCA,CSE,2022,6.2,20,Software Engineer
B.Tech,DS,2022,5.57,6,Data Analyst
M.Tech,CSE,2017,7.65,6,Software Engineer
B.Tech,ML,2016,7.09,8,ML Developer
B.Tech,CSE,2022,6.12,16,Software Engineer
B.Tech,CSE,2021,5.26,1,Software Engineer
B.Tech,AI,2017,7.85,5,ML Developer
B.Tech,AI,2015,7.58,6,AI Developer
B.Tech,Other,2024,6.68,19,Data Scientist
B.Tech,ML,2019,9.02,3,AI Developer
M.Tech,IT,2022,5.52,6,Software Engineer
BCA,AI,2024,4.97,6,Data Analyst
M.Tech,CSE,2020,5.97,15,Software Engineer
M.Tech,CE,2021,6.75,13,Software Engineer
B.Tech,CE,2023,7.09,17,Software Engineer
M.Tech,ML,2024,6.51,4,Software Engineer
M.Tech,AI,2015,7.22,18,ML Developer
B.Tech,IT,2017,5.3,20,Software Engineer
M.Tech,CE,2021,8.53,17,Software Engineer
B.Tech,DS,2023,6.7,14,Data Analyst
BCA,ML,2021,8.14,12,ML Developer
BCA,ML,2024,7.21,4,ML Developer
B.Tech,ML,2016,7.35,10,ML Developer
M.Tech,CSE,2015,7.48,1,Software Engineer
M.Tech,IT,2018,7.34,11,Software Engineer
B.Tech,CSE,2021,7.57,19,Software Engineer
B.Tech,DS,2021,8.39,19,Data Analyst
B.Tech,AI,2018,7.04,14,ML Developer
M.Tech,CSE,2023,7.65,18,Software Engineer
M.Tech,Other,2024,6.69,12,Data Scientist
B.Tech,CSE,2016,8.53,8,Data Analyst
BCA,DS,2016,5.99,7,Data Analyst
BCA,ML,2024,8.96,2,AI Developer
Other,CE,2016,6.75,5,Data Analyst
Other,IT,2016,5.08,9,Software Engineer
B.Tech,CE,2015,6.95,13,Software Engineer
Other,IT,2023,5.98,10,Software Engineer
BCA,AI,2017,7.81,16,ML Developer
B.Tech,AI,2023,6.02,10,Software Engineer
B.Tech,AI,2023,6.26,8,Data Analyst
B.Tech,CE,2018,4.53,1,Software Engineer
B.Tech,CSE,2021,6.26,12,Software Engineer
M.Tech,IT,2018,3.89,17,Software Engineer
B.Tech,ML,2016,4.9,18,AI Developer
BCA,AI,2024,7.71,12,AI Developer
BCA,CSE,2018,7.74,15,Software Engineer
Other,AI,2019,7.31,6,ML Developer
B.Tech,CE,2019,5.64,11,Software Engineer
Other,ML,2019,6.74,18,Data Analyst
B.Tech,IT,2021,6.8,19,Software Engineer
M.Tech,CSE,2020,5.41,15,Software Engineer
M.Tech,DS,2015,8.6,16,Data Analyst
B.Tech,AI,2018,7.85,8,Data Scientist
B.Tech,IT,2023,6.53,1,Data Analyst
B.Tech,CE,2020,6.83,3,Software Engineer
M.Tech,IT,2024,7.05,9,Software Engineer
B.Tech,ML,2018,4.35,16,Data Scientist
B.Tech,ML,2019,6.5,7,Software Engineer
B.Tech,CSE,2024,5.98,12,Software Engineer
B.Tech,CSE,2016,5.6,16,Software Engineer
M.Tech,ML,2023,6.46,2,ML Developer
B.Tech,CSE,2024,8.96,9,Software Engineer
M.Tech,Other,2023,7.57,9,ML Developer
B.Tech,AI,2015,6.11,17,ML Developer
M.Tech,IT,2023,7.49,12,Software Engineer
B.Tech,AI,2017,8.48,15,Data Scientist
M.Tech,IT,2015,7.91,1,Software Engineer
B.Tech,CSE,2020,6.87,20,Software Engineer
PhD,CSE,2019,6.02,8,Data Analyst
M.Tech,AI,2020,7.64,6,ML Developer
B.Tech,ML,2020,7.27,12,Data Scientist
B.Tech,CSE,2017,7.87,19,Software Engineer
M.Tech,ML,2019,7.56,8,ML Developer
PhD,CSE,2017,8.06,16,Software Engineer
BCA,CSE,2022,6.16,5,Data Analyst
BCA,CSE,2023,8.38,19,Software Engineer
B.Tech,CE,2017,7.04,2,Software Engineer
BCA,IT,2016,9.29,15,Software Engineer
BCA,CSE,2020,5.97,18,Software Engineer
M.Tech,ML,2020,8.88,1,ML Developer
B.Tech,AI,2024,7.04,7,ML Developer
M.Tech,IT,2019,6.02,12,Software Engineer
B.Tech,IT,2022,6.22,3,Data Analyst
M.Tech,IT,2017,6.42,6,Data Analyst
B.Tech,AI,2021,7.31,3,AI Developer
B.Tech,CSE,2019,7.43,9,Software Engineer
M.Tech,IT,2022,6.11,12,Software Engineer
BCA,IT,2022,6.77,14,Software Engineer
B.Tech,DS,2017,9.37,8,Data Scientist
Other,ML,2016,8.87,7,AI Developer
B.Tech,CE,2022,7.32,18,Software Engineer
B.Tech,ML,2023,6.85,3,Manager
B.Tech,CSE,2021,6.94,10,Software Engineer
B.Tech,ML,2022,7.54,5,AI Developer
BCA,CE,2020,5.57,11,Software Engineer
PhD,IT,2023,6.49,9,Software Engineer
M.Tech,CSE,2023,4.8,6,Data Analyst
M.Tech,AI,2024,7.28,14,ML Developer
M.Tech,CSE,2020,7.58,16,Software Engineer
M.Tech,ML,2022,6.22,10,AI Developer
B.Tech,CSE,2015,8.69,1,Software Engineer
B.Tech,IT,2015,5.33,16,Software Engineer
Other,IT,2015,5.04,14,Software Engineer
BCA,AI,2015,7.07,18,AI Developer
B.Tech,AI,2021,8.06,8,AI Developer
BCA,IT,2021,8.82,8,Data Analyst
B.Tech,AI,2023,6.25,20,Data Scientist
M.Tech,CSE,2023,8.09,9,Software Engineer
B.Tech,DS,2017,6.75,5,Data Analyst
M.Tech,AI,2019,6.59,20,ML Developer
B.Tech,CE,2015,7.86,18,Software Engineer
B.Tech,Other,2019,7.58,9,Software Engineer
BCA,ML,2018,4.91,3,Software Engineer
B.Tech,CSE,2021,8.57,10,Software Engineer
BCA,IT,2020,8.46,15,Software Engineer
M.Tech,CE,2016,6.05,5,Software Engineer
B.Tech,IT,2023,7.27,16,Software Engineer
B.Tech,DS,2019,7.39,13,Data Scientist
B.Tech,ML,2018,7.11,13,ML Developer
B.Tech,ML,2015,6.14,7,ML Developer
BCA,CE,2018,5.99,16,Software Engineer
B.Tech,Other,2020,6.77,6,Data Scientist
BCA,ML,2023,8.21,17,AI Developer
M.Tech,CSE,2020,7.45,2,Software Engineer
Other,CSE,2021,6.36,11,Software Engineer
B.Tech,ML,2024,7.73,4,AI Developer
B.Tech,Other,2024,3.38,16,Data Scientist
M.Tech,IT,2016,8.18,8,Software Engineer
M.Tech,AI,2020,4.71,2,Manager
B.Tech,CSE,2023,6.37,4,Software Engineer
M.Tech,CSE,2023,5.46,12,Software Engineer
BCA,IT,2018,5.25,1,Data Analyst
B.Tech,CSE,2015,8.19,16,Software Engineer
BCA,AI,2023,6.24,16,Software Engineer
M.Tech,IT,2020,7.22,15,Software Engineer
B.Tech,ML,2023,6.74,6,Manager
M.Tech,IT,2019,7.37,18,Software Engineer
B.Tech,CE,2023,6.89,13,Software Engineer
BCA,DS,2024,5.26,12,Data Scientist
B.Tech,ML,2023,8.0,13,AI Developer
M.Tech,ML,2017,6.21,20,AI Developer
B.Tech,AI,2016,4.93,4,Data Analyst
M.Tech,CE,2017,6.29,6,Software Engineer
B.Tech,IT,2016,8.6,2,Data Analyst
M.Tech,IT,2024,7.82,9,Software Engineer
B.Tech,CSE,2016,6.38,1,Software Engineer
M.Tech,DS,2016,6.38,15,Data Scientist
B.Tech,AI,2021,6.41,12,Data Scientist
B.Tech,AI,2023,9.29,2,ML Developer
BCA,CE,2018,7.26,17,Software Engineer
B.Tech,ML,2023,7.32,13,AI Developer
M.Tech,CSE,2017,8.04,18,Software Engineer
BCA,IT,2016,7.09,19,Software Engineer
B.Tech,IT,2021,6.49,4,Software Engineer
BCA,IT,2023,6.56,11,Software Engineer
M.Tech,IT,2024,6.71,15,Software Engineer
Other,DS,2023,6.76,11,Data Scientist
B.Tech,AI,2020,7.67,20,AI Developer
M.Tech,IT,2023,6.86,9,Software Engineer
B.Tech,IT,2021,7.68,1,Software Engineer
Other,AI,2023,6.7,5,AI Developer
B.Tech,Other,2018,6.89,11,Manager
BCA,DS,2019,4.4,18,Data Analyst
M.Tech,AI,2016,7.9,2,ML Developer
B.Tech,CSE,2024,7.22,8,Software Engineer
B.Tech,CSE,2024,8.0,13,Software Engineer
M.Tech,CSE,2016,3.32,11,Software Engineer
BCA,CSE,2024,9.31,4,Data Analyst
B.Tech,ML,2021,6.63,3,Manager
Other,CSE,2021,8.13,14,Software Engineer
Other,CSE,2018,5.55,20,Software Engineer
Other,AI,2021,7.54,2,AI Developer
B.Tech,IT,2017,5.54,11,Software Engineer
M.Tech,CSE,2015,6.05,13,Software Engineer
Other,ML,2024,9.1,17,AI Developer
B.Tech,ML,2017,6.57,5,AI Developer
B.Tech,AI,2015,7.06,18,AI Developer
B.Tech,IT,2017,7.84,5,Data Analyst
M.Tech,IT,2024,7.39,7,Software Engineer
B.Tech,CSE,2021,6.98,11,Software Engineer
M.Tech,AI,2016,7.24,14,ML Developer
B.Tech,CSE,2024,9.68,1,Data Analyst
B.Tech,CSE,2022,6.73,20,Software Engineer
B.Tech,CE,2018,7.04,7,Data Analyst
B.Tech,ML,2016,8.06,4,ML Developer
B.Tech,AI,2017,8.13,10,AI Developer
M.Tech,CSE,2022,8.22,16,Software Engineer
B.Tech,CSE,2023,7.57,7,Software Engineer
M.Tech,ML,2023,5.43,16,Data Analyst
BCA,CSE,2015,8.76,13,Software Engineer
M.Tech,AI,2015,5.42,9,Software Engineer
B.Tech,CSE,2024,7.16,9,Software Engineer
B.Tech,AI,2015,5.89,3,ML Developer
M.Tech,AI,2020,6.72,4,Manager
B.Tech,DS,2021,7.19,8,Data Scientist
M.Tech,ML,2020,7.19,16,Data Scientist
M.Tech,CSE,2023,7.31,15,Software Engineer
M.Tech,ML,2015,8.74,8,Data Scientist
B.Tech,IT,2017,7.34,1,Data Analyst
M.Tech,IT,2019,6.51,8,Data Analyst
BCA,AI,2021,7.96,1,Data Scientist
Other,CSE,2020,8.23,13,Software Engineer
M.Tech,CE,2021,5.33,17,Software Engineer
Other,AI,2018,7.52,14,AI Developer
B.Tech,Other,2024,7.64,11,ML Developer
M.Tech,CSE,2017,6.44,19,Software Engineer
M.Tech,ML,2017,8.45,10,ML Developer
PhD,DS,2021,6.62,5,Data Scientist
M.Tech,CSE,2016,6.95,18,Software Engineer
M.Tech,ML,2017,6.59,11,Software Engineer
BCA,ML,2021,6.82,14,AI Developer
B.Tech,DS,2019,5.48,5,Data Scientist
B.Tech,CSE,2024,5.07,20,Software Engineer
B.Tech,AI,2018,8.71,20,AI Developer
M.Tech,IT,2022,5.78,5,Data Analyst
BCA,IT,2021,5.61,16,Software Engineer
M.Tech,CSE,2018,4.22,2,Data Analyst
BCA,CE,2019,6.03,14,Software Engineer
B.Tech,AI,2018,5.21,7,Manager
B.Tech,Other,2022,8.77,20,ML Developer
M.Tech,DS,2018,8.01,14,Data Analyst
B.Tech,ML,2021,5.97,11,ML Developer
M.Tech,ML,2024,9.5,18,ML Developer
PhD,ML,2023,7.98,4,ML Developer
BCA,CE,2018,6.41,17,Software Engineer
M.Tech,Other,2015,3.8,18,ML Developer
M.Tech,AI,2015,9.55,7,AI Developer
B.Tech,CSE,2019,5.13,15,Software Engineer
B.Tech,CSE,2015,4.83,17,Software Engineer
Other,IT,2022,8.03,3,Software Engineer
B.Tech,AI,2023,9.73,5,AI Developer
B.Tech,CE,2022,8.46,19,Software Engineer
PhD,DS,2022,7.48,3,Data Analyst
M.Tech,DS,2017,7.51,4,Data Analyst
BCA,AI,2016,7.82,17,ML Developer
BCA,Other,2024,7.71,6,ML Developer
M.Tech,CE,2017,7.14,11,Software Engineer
M.Tech,AI,2017,6.93,6,Software Engineer
B.Tech,ML,2021,6.72,10,AI Developer
BCA,Other,2019,5.9,6,Manager
PhD,Other,2015,6.46,20,Manager
B.Tech,IT,2022,4.77,18,Software Engineer
BCA,AI,2022,6.68,8,Software Engineer
M.Tech,IT,2021,5.61,15,Software Engineer
B.Tech,AI,2018,5.48,18,AI Developer
M.Tech,AI,2018,7.02,2,AI Developer
B.Tech,CSE,2017,8.47,2,Data Analyst
B.Tech,CE,2016,7.9,14,Software Engineer
Other,CSE,2019,4.92,20,Software Engineer
M.Tech,AI,2024,5.61,18,Software Engineer
Other,ML,2020,7.93,2,AI Developer
B.Tech,IT,2021,5.62,3,Data Analyst
BCA,CE,2022,6.53,5,Software Engineer
M.Tech,CSE,2023,7.46,14,Software Engineer
M.Tech,AI,2024,5.64,2,Manager
M.Tech,Other,2023,6.93,3,ML Developer
BCA,AI,2019,5.2,14,Data Analyst
BCA,CSE,2024,6.08,20,Software Engineer
B.Tech,CSE,2024,7.18,16,Software Engineer
M.Tech,AI,2022,4.89,6,Data Analyst
B.Tech,CSE,2018,7.33,1,Software Engineer
B.Tech,AI,2016,6.78,7,Data Analyst
Other,IT,2020,7.46,12,Software Engineer
M.Tech,AI,2015,7.07,7,ML Developer
B.Tech,CE,2019,8.44,17,Software Engineer
M.Tech,ML,2016,6.95,11,AI Developer
B.Tech,AI,2015,6.28,6,Software Engineer
B.Tech,CSE,2022,6.95,16,Software Engineer
BCA,AI,2022,7.45,5,ML Developer
PhD,IT,2020,6.86,15,Software Engineer
BCA,IT,2015,6.85,17,Software Engineer
B.Tech,ML,2020,5.96,18,Data Analyst
B.Tech,AI,2020,6.0,12,Manager
Other,CSE,2015,5.12,11,Software Engineer
Other,AI,2017,8.9,19,ML Developer
B.Tech,CSE,2019,5.31,11,Software Engineer
BCA,CSE,2016,5.97,16,Software Engineer
PhD,IT,2019,5.94,7,Data Analyst
B.Tech,IT,2015,7.87,7,Software Engineer
B.Tech,CE,2022,6.45,17,Software Engineer
B.Tech,CSE,2022,8.3,17,Software Engineer
B.Tech,CSE,2016,5.99,17,Software Engineer
M.Tech,CSE,2015,7.13,15,Software Engineer
B.Tech,DS,2016,5.8,1,Data Analyst
B.Tech,ML,2016,9.37,11,ML Developer
B.Tech,IT,2019,5.37,1,Data Analyst
M.Tech,CSE,2018,7.17,7,Data Analyst
B.Tech,CSE,2022,7.56,4,Data Analyst
B.Tech,CSE,2015,7.3,20,Software Engineer
M.Tech,CSE,2023,6.58,12,Software Engineer
M.Tech,CSE,2019,6.64,19,Software Engineer
B.Tech,CE,2024,6.85,11,Software Engineer
M.Tech,CE,2015,6.62,16,Software Engineer
Other,CE,2021,7.96,2,Software Engineer
B.Tech,CSE,2024,9.45,19,Software Engineer
M.Tech,AI,2022,6.13,20,AI Developer
B.Tech,ML,2023,5.16,3,ML Developer
M.Tech,CE,2022,6.69,4,Data Analyst
B.Tech,AI,2022,9.9,16,AI Developer
B.Tech,DS,2024,5.84,9,Data Scientist
B.Tech,AI,2020,8.77,11,ML Developer
B.Tech,IT,2020,8.81,16,Software Engineer
M.Tech,CSE,2020,6.14,20,Software Engineer
M.Tech,IT,2021,7.48,4,Data Analyst
M.Tech,CE,2019,8.75,18,Software Engineer
M.Tech,AI,2018,6.35,20,Software Engineer
M.Tech,Other,2021,6.56,3,AI Developer
B.Tech,AI,2021,6.1,14,Data Analyst
BCA,IT,2018,5.58,6,Software Engineer
BCA,ML,2022,6.02,4,Data Analyst
M.Tech,CSE,2016,5.33,15,Software Engineer
B.Tech,Other,2016,6.84,20,Manager
M.Tech,AI,2021,5.88,11,ML Developer
M.Tech,CE,2018,7.08,5,Software Engineer
BCA,AI,2022,4.93,18,AI Developer
B.Tech,AI,2018,7.2,7,ML Developer
B.Tech,AI,2019,7.8,14,ML Developer
Other,Other,2024,4.41,1,Data Analyst
Other,IT,2017,7.25,10,Software Engineer
B.Tech,DS,2015,8.27,1,Data Scientist
BCA,IT,2019,5.35,1,Software Engineer
B.Tech,AI,2020,8.81,13,ML Developer
B.Tech,CSE,2017,7.3,16,Software Engineer
B.Tech,AI,2020,5.95,14,Software Engineer
B.Tech,DS,2017,6.73,5,Data Analyst
M.Tech,CSE,2022,7.47,14,Software Engineer
Other,CSE,2017,6.89,14,Software Engineer
PhD,DS,2024,7.45,14,Data Scientist
M.Tech,IT,2022,5.7,13,Software Engineer
B.Tech,CSE,2024,7.0,1,Data Analyst
BCA,CSE,2023,5.1,9,Software Engineer
B.Tech,IT,2020,6.67,2,Software Engineer
M.Tech,ML,2016,5.72,19,ML Developer
Other,CE,2023,5.92,9,Software Engineer
M.Tech,CE,2024,8.28,3,Software Engineer
M.Tech,ML,2016,8.11,18,ML Developer
B.Tech,CE,2020,7.53,18,Software Engineer
BCA,IT,2023,5.49,16,Software Engineer
M.Tech,CSE,2020,6.42,10,Software Engineer
B.Tech,CE,2024,8.26,10,Software Engineer
BCA,AI,2015,6.97,16,Data Analyst
B.Tech,CE,2019,9.58,20,Software Engineer
B.Tech,IT,2017,7.27,17,Software Engineer
B.Tech,ML,2019,7.03,5,ML Developer
B.Tech,CSE,2016,6.43,20,Software Engineer
B.Tech,AI,2017,6.96,15,AI Developer
BCA,CSE,2018,6.62,16,Software Engineer
B.Tech,IT,2015,7.65,11,Software Engineer
Other,Other,2024,7.95,5,ML Developer
BCA,IT,2021,5.86,8,Data Analyst
BCA,CSE,2024,5.2,12,Software Engineer
B.Tech,CSE,2016,4.6,2,Software Engineer
M.Tech,IT,2022,7.41,18,Software Engineer
B.Tech,AI,2021,5.48,16,AI Developer
B.Tech,DS,2015,4.22,10,Data Scientist
B.Tech,AI,2023,7.27,2,AI Developer
M.Tech,IT,2021,9.79,20,Software Engineer
Other,DS,2020,6.79,9,Data Analyst
B.Tech,AI,2021,7.81,15,ML Developer
BCA,ML,2024,6.9,7,Data Analyst
B.Tech,AI,2017,6.68,11,Data Analyst
B.Tech,CE,2016,7.9,1,Data Analyst
B.Tech,CSE,2022,6.45,12,Software Engineer
B.Tech,CSE,2018,7.12,2,Software Engineer
M.Tech,CE,2024,7.19,7,Software Engineer
BCA,CSE,2024,6.0,5,Data Analyst
M.Tech,DS,2024,7.99,6,Data Scientist
M.Tech,CSE,2022,6.59,3,Data Analyst
Other,CSE,2021,5.89,11,Software Engineer
B.Tech,ML,2019,7.44,2,AI Developer
B.Tech,CE,2019,5.72,6,Data Analyst
B.Tech,Other,2018,6.83,20,ML Developer
B.Tech,IT,2017,6.79,18,Software Engineer
BCA,CSE,2016,8.1,15,Software Engineer
BCA,CSE,2016,7.37,3,Data Analyst
BCA,CE,2022,6.77,5,Software Engineer
Other,AI,2019,7.78,5,ML Developer
Other,AI,2023,8.47,16,ML Developer
B.Tech,ML,2016,7.47,18,AI Developer
B.Tech,AI,2022,6.81,4,Data Analyst
M.Tech,Other,2020,5.23,10,ML Developer
B.Tech,Other,2016,5.52,12,Data Analyst
PhD,CSE,2022,6.43,10,Software Engineer
M.Tech,CSE,2015,6.07,13,Software Engineer
M.Tech,CSE,2021,6.58,4,Data Analyst
M.Tech,DS,2022,6.87,7,Data Analyst
B.Tech,ML,2024,7.44,8,ML Developer
B.Tech,IT,2019,6.72,16,Software Engineer
M.Tech,ML,2022,7.38,1,AI Developer
B.Tech,ML,2015,6.88,13,Manager
B.Tech,AI,2023,4.43,15,Data Scientist
PhD,IT,2024,5.67,8,Software Engineer
B.Tech,CSE,2015,6.63,16,Software Engineer
Other,AI,2018,5.35,5,Manager
B.Tech,CE,2019,7.52,4,Data Analyst
M.Tech,ML,2016,8.64,4,AI Developer
M.Tech,AI,2016,8.26,7,ML Developer
BCA,Other,2021,6.54,11,Manager
Other,AI,2017,8.59,11,Data Scientist
BCA,ML,2024,6.98,6,AI Developer
B.Tech,CSE,2021,6.4,6,Data Analyst
M.Tech,IT,2024,6.06,2,Software Engineer
B.Tech,ML,2024,6.44,13,Software Engineer
B.Tech,IT,2015,6.33,1,Software Engineer
Other,ML,2024,7.0,10,ML Developer
BCA,ML,2017,6.99,7,Software Engineer
M.Tech,IT,2021,6.8,8,Software Engineer
M.Tech,CE,2017,7.32,16,Software Engineer
M.Tech,CE,2019,8.23,12,Software Engineer
B.Tech,AI,2018,7.94,4,Data Scientist
Other,AI,2023,5.02,17,Software Engineer
M.Tech,AI,2018,3.74,9,Manager
B.Tech,ML,2022,7.92,16,AI Developer
M.Tech,CE,2020,5.16,10,Software Engineer
B.Tech,CSE,2024,6.53,15,Software Engineer
B.Tech,ML,2023,5.4,6,Software Engineer
BCA,IT,2016,4.64,3,Software Engineer
BCA,AI,2020,7.45,14,AI Developer
M.Tech,CSE,2016,7.71,11,Software Engineer
B.Tech,CSE,2021,6.11,7,Data Analyst
PhD,CE,2024,3.69,16,Software Engineer
B.Tech,IT,2018,6.14,20,Software Engineer
M.Tech,IT,2017,7.27,15,Software Engineer
BCA,AI,2019,5.03,7,AI Developer
B.Tech,AI,2015,7.02,9,AI Developer
PhD,IT,2017,6.78,11,Software Engineer
B.Tech,CSE,2017,7.5,20,Software Engineer
Other,AI,2023,6.94,8,Manager
B.Tech,IT,2018,5.63,19,Software Engineer
M.Tech,IT,2015,8.24,14,Software Engineer
BCA,CSE,2020,6.61,14,Software Engineer
M.Tech,DS,2024,6.77,5,Data Scientist
PhD,IT,2015,5.68,2,Data Analyst
BCA,IT,2021,6.27,17,Software Engineer
B.Tech,ML,2016,5.74,15,ML Developer
B.Tech,AI,2015,6.59,14,Software Engineer
B.Tech,CSE,2016,8.85,1,Data Analyst
M.Tech,CSE,2022,5.15,19,Software Engineer
BCA,CE,2022,4.86,15,Software Engineer
BCA,DS,2021,8.57,6,Data Scientist
B.Tech,IT,2015,6.55,3,Data Analyst
PhD,CSE,2015,6.0,10,Software Engineer
B.Tech,CSE,2024,8.05,18,Software Engineer
M.Tech,CSE,2016,6.07,20,Software Engineer
PhD,ML,2015,8.99,17,Data Scientist
M.Tech,DS,2016,7.61,13,Data Analyst
M.Tech,IT,2017,6.21,18,Software Engineer
BCA,AI,2018,9.39,5,Data Scientist
B.Tech,CSE,2022,6.07,19,Software Engineer
PhD,ML,2018,7.69,11,AI Developer
B.Tech,AI,2019,7.16,2,AI Developer
B.Tech,IT,2023,8.36,4,Data Analyst
BCA,AI,2023,8.67,10,ML Developer
B.Tech,AI,2016,6.84,7,ML Developer
B.Tech,IT,2017,5.9,10,Software Engineer
Other,CE,2017,7.35,9,Software Engineer
B.Tech,CSE,2017,5.99,7,Software Engineer
B.Tech,Other,2023,9.22,5,ML Developer
B.Tech,IT,2015,6.96,10,Software Engineer
B.Tech,CE,2018,6.36,17,Software Engineer
M.Tech,IT,2020,7.02,11,Software Engineer
M.Tech,AI,2023,5.18,18,ML Developer
M.Tech,AI,2019,5.63,6,AI Developer
B.Tech,IT,2019,8.24,2,Software Engineer
B.Tech,IT,2017,6.01,20,Software Engineer
Other,ML,2019,5.54,6,Software Engineer
BCA,AI,2017,7.44,6,AI Developer
B.Tech,CSE,2017,8.22,15,Software Engineer
B.Tech,CSE,2023,7.66,2,Data Analyst
Other,CSE,2022,8.0,18,Software Engineer
Other,IT,2016,5.89,1,Data Analyst
Other,ML,2022,5.09,11,Software Engineer
B.Tech,ML,2023,8.6,11,ML Developer
B.Tech,DS,2024,6.41,5,Data Scientist
BCA,DS,2020,6.5,4,Data Scientist
Other,CSE,2023,8.39,4,Data Analyst
B.Tech,AI,2018,7.47,15,AI Developer
B.Tech,AI,2018,7.35,19,ML Developer
BCA,ML,2018,9.4,1,AI Developer
BCA,AI,2016,6.03,17,ML Developer
B.Tech,CSE,2024,7.91,17,Software Engineer
Other,DS,2020,6.87,13,Data Analyst
PhD,IT,2020,7.12,1,Data Analyst
B.Tech,CSE,2022,8.63,18,Software Engineer
B.Tech,ML,2022,7.41,14,Data Scientist
B.Tech,ML,2021,7.45,14,AI Developer
M.Tech,CE,2018,8.09,10,Software Engineer
M.Tech,DS,2020,6.36,3,Data Scientist
M.Tech,IT,2015,5.79,14,Software Engineer
M.Tech,CSE,2017,5.55,18,Software Engineer
M.Tech,AI,2017,4.44,7,Software Engineer
BCA,CSE,2022,9.27,2,Data Analyst
BCA,CSE,2023,5.48,15,Software Engineer
B.Tech,ML,2017,6.53,9,AI Developer
Other,ML,2022,6.47,4,Data Scientist
M.Tech,CSE,2017,7.17,16,Software Engineer
Other,AI,2015,7.78,4,ML Developer
M.Tech,Other,2024,7.83,12,Data Analyst
M.Tech,IT,2019,6.1,16,Software Engineer
Other,ML,2020,6.6,17,Data Scientist
M.Tech,ML,2017,7.14,19,AI Developer
B.Tech,DS,2017,6.5,12,Data Analyst
B.Tech,IT,2020,8.73,2,Data Analyst
B.Tech,AI,2016,7.39,17,AI Developer
M.Tech,ML,2024,7.68,6,ML Developer
PhD,ML,2019,7.6,9,ML Developer
M.Tech,CE,2024,8.21,12,Software Engineer
BCA,CE,2023,7.02,10,Software Engineer
B.Tech,IT,2020,5.24,6,Software Engineer
B.Tech,IT,2018,7.28,18,Software Engineer
M.Tech,ML,2023,6.02,18,Data Scientist
M.Tech,ML,2016,6.17,14,ML Developer
Other,CSE,2017,7.5,1,Data Analyst
B.Tech,AI,2017,8.29,15,Data Scientist
M.Tech,ML,2020,6.83,6,Data Scientist
B.Tech,ML,2016,7.17,8,AI Developer
M.Tech,AI,2019,8.84,5,AI Developer
Other,IT,2016,7.09,3,Software Engineer
BCA,ML,2015,9.92,7,AI Developer
BCA,IT,2015,7.48,16,Software Engineer
B.Tech,CSE,2016,4.69,10,Software Engineer
M.Tech,ML,2016,7.7,20,AI Developer
Other,CSE,2020,7.26,1,Software Engineer
B.Tech,ML,2019,8.35,19,AI Developer
B.Tech,IT,2024,7.61,8,Software Engineer
B.Tech,AI,2015,6.63,17,Software Engineer
BCA,Other,2017,5.33,18,Manager
Other,CE,2018,6.55,17,Software Engineer
PhD,IT,2024,5.78,6,Data Analyst
M.Tech,CSE,2020,6.1,13,Software Engineer
B.Tech,IT,2021,7.51,4,Data Analyst
B.Tech,CSE,2017,8.8,16,Software Engineer
BCA,ML,2023,7.27,2,AI Developer
M.Tech,IT,2022,5.36,20,Software Engineer
BCA,AI,2022,7.33,8,ML Developer
B.Tech,DS,2018,8.24,3,Data Scientist
BCA,DS,2020,6.07,6,Data Analyst
M.Tech,AI,2021,6.64,15,Data Analyst
M.Tech,CE,2017,6.82,13,Software Engineer
B.Tech,AI,2016,5.86,6,Manager
B.Tech,CSE,2018,7.58,20,Software Engineer
BCA,IT,2018,6.65,14,Software Engineer
BCA,CSE,2024,7.3,19,Software Engineer
B.Tech,ML,2021,5.74,12,ML Developer
M.Tech,Other,2022,6.28,17,AI Developer
B.Tech,IT,2016,7.67,9,Software Engineer
M.Tech,CSE,2017,6.35,1,Software Engineer
BCA,ML,2022,8.87,1,Data Scientist
B.Tech,AI,2017,6.32,10,Data Analyst
M.Tech,ML,2023,7.07,16,ML Developer
B.Tech,AI,2022,7.92,17,AI Developer
B.Tech,DS,2023,5.1,1,Data Scientist
B.Tech,IT,2016,4.69,13,Software Engineer
M.Tech,DS,2022,4.97,15,Data Analyst
B.Tech,AI,2019,8.32,6,ML Developer
B.Tech,ML,2022,6.14,4,Data Analyst
M.Tech,AI,2023,9.87,19,ML Developer
M.Tech,CSE,2015,6.12,13,Software Engineer
B.Tech,AI,2021,7.02,20,ML Developer
BCA,CSE,2015,8.65,1,Software Engineer
B.Tech,IT,2024,9.21,1,Data Analyst
B.Tech,IT,2020,9.27,14,Software Engineer
B.Tech,AI,2018,8.25,8,ML Developer
M.Tech,DS,2016,8.03,10,Data Analyst
B.Tech,IT,2015,7.51,15,Software Engineer
M.Tech,IT,2023,7.73,14,Software Engineer
B.Tech,AI,2024,6.14,1,AI Developer
B.Tech,IT,2024,5.82,4,Data Analyst
B.Tech,AI,2020,6.8,16,Data Analyst
BCA,AI,2017,6.6,20,AI Developer
B.Tech,IT,2022,6.26,3,Software Engineer
B.Tech,CE,2024,7.64,13,Software Engineer
BCA,AI,2016,7.95,19,AI Developer
B.Tech,CE,2023,6.91,16,Software Engineer
B.Tech,CSE,2016,8.57,10,Software Engineer
M.Tech,CSE,2023,5.43,11,Software Engineer
B.Tech,IT,2024,6.57,17,Software Engineer
M.Tech,ML,2017,5.94,1,Data Scientist
BCA,DS,2024,4.56,16,Data Analyst
Other,ML,2022,6.7,9,Data Scientist
M.Tech,AI,2021,6.65,19,Data Scientist
M.Tech,IT,2020,8.62,15,Software Engineer
B.Tech,CSE,2019,7.56,14,Software Engineer
B.Tech,DS,2016,5.57,7,Data Scientist
B.Tech,CSE,2017,9.02,9,Software Engineer
M.Tech,CSE,2018,8.27,4,Software Engineer
B.Tech,CSE,2019,7.5,15,Software Engineer
M.Tech,Other,2021,6.53,2,Software Engineer
B.Tech,CSE,2019,5.65,9,Software Engineer
M.Tech,CSE,2015,6.35,16,Software Engineer
BCA,CE,2016,8.11,11,Software Engineer
M.Tech,DS,2021,9.06,12,Data Scientist
PhD,IT,2017,8.65,8,Software Engineer
M.Tech,IT,2016,6.21,17,Software Engineer
M.Tech,AI,2023,5.46,9,ML Developer
PhD,CSE,2016,6.97,11,Software Engineer
B.Tech,AI,2021,4.68,8,ML Developer
B.Tech,CSE,2018,7.19,9,Software Engineer
B.Tech,CSE,2024,6.62,2,Data Analyst
M.Tech,AI,2016,6.24,11,Data Analyst
B.Tech,AI,2019,4.89,5,AI Developer
M.Tech,IT,2019,7.42,1,Software Engineer
BCA,AI,2015,6.16,8,AI Developer
M.Tech,CSE,2020,5.4,4,Software Engineer
PhD,IT,2021,3.35,9,Software Engineer
B.Tech,DS,2018,6.77,10,Data Analyst
PhD,DS,2020,8.93,14,Data Scientist
B.Tech,CE,2022,8.79,16,Software Engineer
BCA,DS,2020,6.25,14,Data Scientist
BCA,ML,2019,6.08,17,Manager
B.Tech,AI,2023,7.36,11,ML Developer
B.Tech,CE,2017,5.6,15,Software Engineer
BCA,CSE,2021,7.16,7,Data Analyst
B.Tech,CE,2017,7.72,8,Software Engineer
BCA,AI,2020,8.27,15,ML Developer
BCA,CSE,2024,6.68,11,Software Engineer
BCA,CSE,2021,6.56,12,Software Engineer
B.Tech,DS,2024,5.75,8,Data Analyst
B.Tech,AI,2024,5.81,8,Manager
Other,CSE,2017,6.53,2,Data Analyst
M.Tech,AI,2017,7.24,3,Data Scientist
B.Tech,AI,2015,7.9,17,ML Developer
Other,IT,2022,5.84,4,Software Engineer
BCA,CSE,2019,8.59,10,Software Engineer
BCA,IT,2021,6.47,7,Software Engineer
Other,CSE,2018,6.77,14,Software Engineer
B.Tech,ML,2015,5.9,10,AI Developer
B.Tech,IT,2018,3.89,12,Software Engineer
M.Tech,AI,2016,7.86,1,ML Developer
PhD,Other,2021,7.68,7,Manager
BCA,ML,2019,6.46,3,Manager
M.Tech,CE,2018,6.88,16,Software Engineer
Other,Other,2024,7.42,2,Manager
B.Tech,AI,2019,4.92,13,Data Scientist
B.Tech,Other,2023,6.17,2,Data Analyst
B.Tech,CSE,2022,7.75,11,Software Engineer
PhD,CSE,2020,5.29,17,Software Engineer
B.Tech,CSE,2020,7.15,2,Software Engineer
M.Tech,Other,2019,5.17,12,ML Developer
B.Tech,DS,2024,7.36,9,Data Analyst
B.Tech,CSE,2022,6.76,5,Data Analyst
B.Tech,CSE,2018,4.86,6,Software Engineer
M.Tech,CSE,2022,8.2,14,Software Engineer
B.Tech,DS,2022,5.92,2,Data Analyst
Other,AI,2022,5.83,16,Manager
BCA,DS,2016,7.04,12,Data Analyst
PhD,CSE,2017,8.18,17,Software Engineer
BCA,AI,2024,5.58,7,Data Analyst
Other,CE,2024,6.87,6,Data Analyst
Other,CSE,2022,7.31,4,Data Analyst
B.Tech,AI,2016,7.63,13,AI Developer
Other,CSE,2020,7.01,5,Software Engineer
B.Tech,ML,2022,6.36,15,Data Scientist
Other,AI,2015,5.81,11,Manager
M.Tech,Other,2020,6.9,19,Software Engineer
B.Tech,CE,2019,5.51,11,Software Engineer
BCA,ML,2023,3.29,20,ML Developer
B.Tech,CSE,2018,7.32,13,Software Engineer
B.Tech,DS,2017,7.88,13,Data Scientist
B.Tech,ML,2017,3.96,4,AI Developer
M.Tech,IT,2019,5.59,20,Software Engineer
B.Tech,AI,2020,7.54,17,AI Developer
B.Tech,IT,2019,9.27,19,Software Engineer
M.Tech,CE,2021,6.82,12,Software Engineer
M.Tech,IT,2021,5.93,3,Software Engineer
M.Tech,Other,2018,6.58,5,ML Developer
M.Tech,AI,2016,8.45,10,ML Developer
B.Tech,ML,2019,6.02,5,Software Engineer
M.Tech,CSE,2018,5.84,17,Software Engineer
B.Tech,AI,2023,6.22,3,Manager
M.Tech,IT,2021,5.66,4,Data Analyst
M.Tech,AI,2019,6.95,12,AI Developer
M.Tech,ML,2015,8.75,4,ML Developer
M.Tech,ML,2021,7.19,2,AI Developer
PhD,CSE,2024,6.5,15,Software Engineer
BCA,IT,2019,6.45,11,Software Engineer
Other,DS,2017,4.92,7,Data Analyst
BCA,AI,2016,7.86,14,ML Developer
B.Tech,CSE,2017,6.71,16,Software Engineer
M.Tech,IT,2024,6.58,16,Software Engineer
B.Tech,ML,2024,10.0,12,ML Developer
Other,AI,2019,7.16,3,AI Developer
B.Tech,CSE,2015,5.9,7,Software Engineer
B.Tech,AI,2018,6.29,14,Data Scientist
PhD,IT,2016,8.18,10,Software Engineer
BCA,CSE,2021,6.94,1,Software Engineer
B.Tech,CSE,2022,5.07,16,Software Engineer
M.Tech,DS,2024,7.9,8,Data Analyst
M.Tech,ML,2015,6.0,11,Manager
B.Tech,ML,2021,9.05,14,Data Scientist
BCA,AI,2023,8.1,10,AI Developer
B.Tech,IT,2024,6.26,16,Software Engineer
B.Tech,CE,2015,8.34,14,Software Engineer
M.Tech,AI,2019,6.88,14,ML Developer
B.Tech,AI,2020,7.82,15,ML Developer
B.Tech,CSE,2018,7.38,16,Software Engineer
B.Tech,CSE,2018,5.78,19,Software Engineer
Other,CSE,2024,6.03,15,Software Engineer
B.Tech,CSE,2021,8.04,14,Software Engineer
BCA,AI,2020,6.4,16,Software Engineer
M.Tech,CSE,2016,6.32,16,Software Engineer
B.Tech,CSE,2024,5.65,16,Software Engineer
B.Tech,IT,2022,7.31,10,Software Engineer
B.Tech,AI,2015,9.28,12,Data Scientist
B.Tech,CSE,2023,5.52,2,Software Engineer
B.Tech,CSE,2018,6.83,4,Software Engineer
M.Tech,Other,2020,8.49,2,Data Analyst
B.Tech,CSE,2023,6.7,20,Software Engineer
M.Tech,ML,2022,7.34,15,Data Scientist
BCA,Other,2024,5.53,20,Manager
BCA,CE,2016,7.31,6,Software Engineer
PhD,DS,2017,6.58,10,Data Scientist
BCA,IT,2016,7.98,5,Data Analyst
B.Tech,CSE,2018,8.22,15,Software Engineer
Other,ML,2015,9.91,8,Data Scientist
M.Tech,CSE,2017,7.5,3,Data Analyst
B.Tech,ML,2020,7.19,8,AI Developer
BCA,IT,2018,7.03,5,Data Analyst
B.Tech,IT,2022,6.38,17,Software Engineer
BCA,IT,2015,7.21,15,Software Engineer
B.Tech,CE,2023,6.45,3,Software Engineer
B.Tech,IT,2017,7.0,14,Software Engineer
B.Tech,ML,2017,8.38,19,AI Developer
M.Tech,ML,2023,5.59,10,ML Developer
B.Tech,AI,2023,8.17,10,ML Developer
B.Tech,CSE,2019,8.38,17,Software Engineer
M.Tech,CSE,2021,6.66,15,Software Engineer
M.Tech,DS,2024,4.25,20,Data Scientist
M.Tech,DS,2021,6.07,7,Data Scientist
B.Tech,IT,2021,8.36,5,Data Analyst
B.Tech,IT,2019,6.77,17,Software Engineer
B.Tech,AI,2015,5.6,1,Data Analyst
M.Tech,CSE,2019,6.19,14,Software Engineer
Other,CSE,2015,7.81,12,Software Engineer
B.Tech,IT,2016,7.46,2,Software Engineer
B.Tech,AI,2015,6.51,15,AI Developer
Other,ML,2024,6.36,19,Data Scientist
PhD,AI,2023,6.33,20,Data Scientist
B.Tech,CSE,2024,5.69,5,Data Analyst
M.Tech,CSE,2020,8.74,17,Software Engineer
M.Tech,ML,2020,6.41,15,Manager
B.Tech,IT,2021,8.26,3,Software Engineer
B.Tech,DS,2022,8.63,7,Data Analyst
B.Tech,IT,2024,8.0,18,Software Engineer
M.Tech,IT,2019,6.28,19,Software Engineer
M.Tech,IT,2022,7.28,16,Software Engineer
BCA,IT,2017,6.77,5,Software Engineer
M.Tech,IT,2023,5.72,17,Software Engineer
B.Tech,CSE,2022,7.19,2,Software Engineer
Other,IT,2016,5.39,20,Software Engineer
PhD,CSE,2020,8.23,19,Software Engineer
B.Tech,IT,2016,6.24,12,Software Engineer
B.Tech,IT,2019,7.04,16,Software Engineer
B.Tech,CSE,2024,7.14,14,Software Engineer
B.Tech,DS,2019,6.49,7,Data Analyst
BCA,CE,2023,7.5,12,Software Engineer
B.Tech,CE,2022,6.23,19,Software Engineer
B.Tech,IT,2020,7.85,13,Software Engineer
M.Tech,ML,2024,5.18,5,Software Engineer
M.Tech,IT,2022,6.95,15,Software Engineer
B.Tech,ML,2016,9.13,20,ML Developer
B.Tech,CSE,2021,5.6,11,Software Engineer
M.Tech,Other,2022,5.99,9,Data Scientist
B.Tech,CSE,2015,7.42,19,Software Engineer
M.Tech,ML,2019,7.02,18,ML Developer
M.Tech,CE,2024,7.22,18,Software Engineer
M.Tech,CE,2024,7.39,17,Software Engineer
B.Tech,IT,2015,7.56,4,Software Engineer
Other,CSE,2018,8.13,8,Data Analyst
B.Tech,IT,2020,7.29,13,Software Engineer
M.Tech,IT,2015,6.51,11,Software Engineer
B.Tech,IT,2023,7.61,11,Software Engineer
B.Tech,CE,2016,9.08,18,Software Engineer
B.Tech,CSE,2019,6.64,3,Software Engineer
B.Tech,IT,2017,5.63,2,Data Analyst
B.Tech,ML,2019,8.13,13,AI Developer
B.Tech,DS,2019,6.66,13,Data Scientist
PhD,CE,2018,4.19,20,Software Engineer
M.Tech,IT,2023,7.82,13,Software Engineer
Other,CSE,2020,6.16,15,Software Engineer
M.Tech,CE,2015,6.69,14,Software Engineer
M.Tech,DS,2015,7.2,9,Data Analyst
M.Tech,CSE,2023,7.03,5,Data Analyst
M.Tech,IT,2023,7.65,7,Software Engineer
B.Tech,Other,2018,6.28,18,ML Developer
Other,AI,2015,7.42,1,Data Scientist
Other,AI,2017,6.49,1,Manager
Other,IT,2024,7.69,9,Software Engineer
BCA,IT,2020,7.54,7,Data Analyst
B.Tech,ML,2024,5.68,3,AI Developer
B.Tech,AI,2017,8.1,18,Data Scientist
PhD,CSE,2023,6.16,11,Software Engineer
PhD,DS,2019,7.77,15,Data Analyst
M.Tech,CSE,2018,7.24,15,Software Engineer
Other,CSE,2017,9.01,1,Data Analyst
B.Tech,CE,2017,6.53,14,Software Engineer
M.Tech,AI,2022,6.38,13,Data Analyst
B.Tech,DS,2016,6.78,18,Data Analyst
BCA,AI,2016,6.44,12,ML Developer
BCA,IT,2017,7.76,1,Software Engineer
M.Tech,DS,2022,4.86,1,Data Analyst
B.Tech,CSE,2020,5.54,7,Software Engineer
BCA,AI,2018,5.52,8,ML Developer
Other,CE,2022,7.94,20,Software Engineer
B.Tech,CSE,2021,8.85,4,Data Analyst
M.Tech,IT,2023,6.67,7,Software Engineer
B.Tech,CSE,2016,6.6,5,Data Analyst
Other,DS,2023,6.88,9,Data Analyst
M.Tech,Other,2023,8.19,20,AI Developer
M.Tech,DS,2015,5.69,14,Data Scientist
Other,CE,2020,7.09,14,Software Engineer
BCA,IT,2016,7.97,17,Software Engineer
M.Tech,IT,2015,7.4,8,Software Engineer
B.Tech,IT,2022,7.03,11,Software Engineer
B.Tech,CSE,2016,8.0,19,Software Engineer
BCA,Other,2018,3.56,14,Manager
Other,CSE,2020,7.61,10,Software Engineer
B.Tech,AI,2015,6.02,16,ML Developer
BCA,AI,2020,4.6,9,Software Engineer
B.Tech,CSE,2020,7.41,2,Data Analyst
M.Tech,CSE,2016,8.45,20,Software Engineer
M.Tech,ML,2022,6.64,19,Manager
B.Tech,CE,2015,7.94,13,Software Engineer
B.Tech,ML,2016,8.73,5,AI Developer
BCA,CE,2024,8.38,14,Software Engineer
B.Tech,AI,2023,8.77,2,AI Developer
B.Tech,CE,2021,7.69,8,Software Engineer
M.Tech,IT,2021,6.89,20,Software Engineer
M.Tech,CSE,2015,4.88,15,Software Engineer
M.Tech,AI,2016,6.5,4,Manager
M.Tech,CE,2018,5.79,19,Software Engineer
B.Tech,IT,2020,9.41,14,Software Engineer
M.Tech,AI,2017,6.59,8,Software Engineer
BCA,CE,2019,6.95,19,Software Engineer
B.Tech,Other,2020,7.46,10,Data Analyst
PhD,ML,2017,6.85,16,Manager
M.Tech,CSE,2015,8.83,17,Software Engineer
M.Tech,AI,2015,6.05,8,Data Analyst
BCA,AI,2015,7.03,14,AI Developer
Other,AI,2018,5.91,3,AI Developer
B.Tech,IT,2022,5.22,20,Software Engineer
M.Tech,DS,2024,6.07,11,Data Scientist
B.Tech,CSE,2022,6.76,2,Data Analyst
B.Tech,CE,2018,6.28,8,Data Analyst
M.Tech,CSE,2020,5.97,13,Software Engineer
B.Tech,CSE,2015,5.11,12,Software Engineer
B.Tech,IT,2023,6.7,4,Software Engineer
B.Tech,CSE,2024,4.99,12,Software Engineer
B.Tech,CE,2018,7.71,10,Software Engineer
B.Tech,DS,2017,6.9,11,Data Scientist
B.Tech,CSE,2017,5.05,9,Software Engineer
Other,CE,2017,6.43,13,Software Engineer
M.Tech,DS,2020,5.9,7,Data Analyst
B.Tech,ML,2017,7.18,17,Data Scientist
Other,DS,2016,8.41,4,Data Analyst
Other,ML,2018,4.55,18,ML Developer
M.Tech,CSE,2021,6.94,8,Software Engineer
BCA,AI,2023,6.61,10,Software Engineer
B.Tech,CE,2019,7.61,5,Data Analyst
B.Tech,CE,2022,7.06,20,Software Engineer
B.Tech,IT,2023,5.9,12,Software Engineer
M.Tech,IT,2020,6.42,12,Software Engineer
M.Tech,IT,2022,5.84,16,Software Engineer
B.Tech,IT,2024,8.09,2,Software Engineer
B.Tech,CSE,2018,6.83,13,Software Engineer
B.Tech,IT,2021,9.08,19,Software Engineer
B.Tech,ML,2019,6.73,18,Manager
B.Tech,CE,2022,5.95,17,Software Engineer
B.Tech,AI,2022,4.98,17,Data Analyst
B.Tech,IT,2021,4.64,14,Software Engineer
B.Tech,IT,2019,4.9,13,Software Engineer
B.Tech,IT,2019,7.12,3,Data Analyst
Other,CSE,2023,7.41,17,Software Engineer
M.Tech,CE,2019,4.9,8,Software Engineer
B.Tech,IT,2023,7.87,7,Data Analyst
B.Tech,CSE,2019,6.22,9,Software Engineer
B.Tech,AI,2017,6.98,18,AI Developer
B.Tech,CSE,2020,8.73,13,Software Engineer
Other,ML,2015,7.88,16,ML Developer
Other,Other,2021,6.48,8,Software Engineer
BCA,CSE,2018,5.73,17,Software Engineer
M.Tech,AI,2022,4.22,15,AI Developer
BCA,CSE,2018,5.94,14,Software Engineer
BCA,AI,2018,6.55,15,ML Developer
PhD,CE,2017,5.62,19,Software Engineer
PhD,CSE,2015,6.64,16,Software Engineer
BCA,ML,2020,6.89,8,ML Developer
B.Tech,ML,2023,6.53,10,AI Developer
M.Tech,AI,2015,6.02,5,Software Engineer
Other,Other,2024,7.0,20,Data Analyst
M.Tech,IT,2021,7.33,7,Data Analyst
B.Tech,IT,2022,5.49,4,Data Analyst
M.Tech,IT,2019,8.49,3,Software Engineer
B.Tech,AI,2015,6.68,20,ML Developer
B.Tech,CSE,2021,6.82,10,Software Engineer
B.Tech,CSE,2023,7.65,3,Data Analyst
B.Tech,IT,2017,7.08,11,Software Engineer
PhD,IT,2017,7.94,4,Software Engineer
M.Tech,IT,2016,7.14,13,Software Engineer
Other,DS,2017,6.07,7,Data Analyst
BCA,AI,2017,7.23,20,ML Developer
B.Tech,CSE,2022,5.43,9,Software Engineer
B.Tech,Other,2022,6.93,3,ML Developer
M.Tech,CSE,2020,6.76,19,Software Engineer
PhD,IT,2024,6.55,2,Software Engineer
B.Tech,DS,2022,6.65,12,Data Scientist
BCA,CSE,2024,4.54,6,Data Analyst
B.Tech,DS,2021,6.14,15,Data Analyst
M.Tech,AI,2016,6.91,13,Data Scientist
Other,CSE,2017,6.99,9,Software Engineer
PhD,IT,2016,5.57,7,Data Analyst
B.Tech,ML,2016,8.32,12,AI Developer
B.Tech,ML,2020,5.76,14,ML Developer
B.Tech,CSE,2015,7.96,15,Software Engineer
B.Tech,AI,2022,7.31,13,AI Developer
B.Tech,CSE,2015,6.02,1,Data Analyst
B.Tech,DS,2020,8.93,15,Data Analyst
B.Tech,IT,2018,5.37,15,Software Engineer
B.Tech,ML,2017,7.9,6,Data Scientist
M.Tech,CSE,2016,8.0,18,Software Engineer
BCA,CSE,2015,6.0,9,Software Engineer
B.Tech,IT,2018,8.47,2,Software Engineer
B.Tech,CE,2023,6.5,4,Data Analyst
M.Tech,IT,2024,7.15,1,Software Engineer
BCA,ML,2018,7.11,12,Data Scientist
B.Tech,CE,2015,6.64,1,Data Analyst
BCA,AI,2016,7.77,8,Data Scientist
B.Tech,ML,2017,7.75,6,AI Developer
M.Tech,ML,2020,4.7,18,Data Scientist
B.Tech,CSE,2023,8.37,13,Software Engineer
Other,CSE,2018,4.81,4,Data Analyst
B.Tech,CE,2020,8.04,1,Data Analyst
B.Tech,CSE,2019,8.15,20,Software Engineer
B.Tech,CE,2018,5.49,14,Software Engineer
B.Tech,AI,2016,6.31,18,Data Analyst
B.Tech,Other,2024,5.47,11,Data Scientist
M.Tech,AI,2017,6.54,11,Software Engineer
M.Tech,DS,2020,6.43,16,Data Analyst
B.Tech,DS,2022,7.74,13,Data Analyst
BCA,IT,2015,8.37,8,Software Engineer
M.Tech,DS,2019,8.47,8,Data Scientist
BCA,AI,2015,6.13,5,AI Developer
M.Tech,CSE,2021,6.55,7,Software Engineer
B.Tech,ML,2022,4.78,11,Software Engineer
B.Tech,AI,2015,5.83,17,ML Developer
M.Tech,CSE,2015,7.96,8,Data Analyst
B.Tech,CSE,2015,8.74,8,Software Engineer
M.Tech,IT,2020,5.32,6,Data Analyst
M.Tech,CE,2022,6.09,3,Software Engineer
B.Tech,Other,2018,6.77,5,Manager
B.Tech,IT,2018,7.14,8,Software Engineer
B.Tech,IT,2017,5.83,7,Software Engineer
B.Tech,AI,2019,7.31,10,ML Developer
Other,CSE,2022,6.23,3,Data Analyst
B.Tech,CSE,2022,6.78,14,Software Engineer
M.Tech,ML,2017,7.46,16,AI Developer
B.Tech,DS,2019,6.81,20,Data Analyst
M.Tech,CSE,2021,6.28,15,Software Engineer
B.Tech,CSE,2023,6.67,20,Software Engineer
M.Tech,CSE,2022,6.69,7,Software Engineer
Other,CE,2023,6.36,12,Software Engineer
M.Tech,DS,2021,6.49,12,Data Analyst
B.Tech,Other,2016,8.72,14,Manager
Other,CSE,2024,7.47,6,Software Engineer
BCA,Other,2020,6.45,17,Data Scientist
M.Tech,AI,2015,7.64,13,Data Scientist
BCA,CSE,2015,6.4,12,Software Engineer
M.Tech,AI,2017,8.21,9,ML Developer
Other,CSE,2018,7.24,20,Software Engineer
M.Tech,AI,2017,6.67,1,Manager
BCA,AI,2021,7.34,13,ML Developer
Other,CE,2018,4.91,14,Software Engineer
B.Tech,IT,2019,5.45,17,Software Engineer
Other,AI,2021,5.37,19,AI Developer
BCA,ML,2016,6.97,4,Data Scientist
M.Tech,ML,2017,8.88,9,ML Developer
Other,IT,2019,9.48,1,Software Engineer
BCA,CE,2016,7.57,14,Software Engineer
M.Tech,AI,2021,7.4,6,AI Developer
B.Tech,CSE,2022,4.64,6,Software Engineer
M.Tech,ML,2017,6.15,7,Manager
BCA,ML,2018,5.85,9,ML Developer
B.Tech,DS,2016,6.05,6,Data Analyst
B.Tech,CSE,2016,6.6,11,Software Engineer
B.Tech,CSE,2022,6.23,4,Software Engineer
B.Tech,ML,2015,4.42,19,Manager
B.Tech,IT,2015,7.7,13,Software Engineer
M.Tech,Other,2019,5.51,16,ML Developer
BCA,AI,2020,7.09,12,ML Developer
B.Tech,CSE,2018,9.29,12,Software Engineer
M.Tech,IT,2015,5.7,12,Software Engineer
PhD,ML,2015,3.76,15,Manager
BCA,DS,2017,6.46,1,Data Scientist
PhD,CSE,2018,8.12,12,Software Engineer
M.Tech,AI,2022,9.15,17,ML Developer
B.Tech,Other,2020,5.32,1,Data Scientist
B.Tech,CE,2020,7.4,15,Software Engineer
B.Tech,IT,2024,6.24,3,Data Analyst
B.Tech,DS,2022,6.67,4,Data Scientist
B.Tech,CSE,2017,9.97,17,Software Engineer
PhD,ML,2023,5.0,2,Data Scientist
M.Tech,CE,2023,7.1,15,Software Engineer
B.Tech,IT,2016,7.36,16,Software Engineer
M.Tech,CSE,2018,8.1,6,Software Engineer
B.Tech,Other,2015,6.92,6,AI Developer
Other,ML,2018,7.17,9,ML Developer
Other,AI,2017,6.33,18,Data Scientist
BCA,CE,2020,7.12,8,Software Engineer
M.Tech,IT,2021,6.39,18,Software Engineer
Other,IT,2018,7.55,8,Data Analyst
B.Tech,CE,2016,6.36,11,Software Engineer
BCA,DS,2016,7.25,19,Data Analyst
PhD,Other,2024,6.76,1,Manager
B.Tech,IT,2021,8.15,14,Software Engineer
B.Tech,IT,2017,6.74,17,Software Engineer
M.Tech,AI,2016,4.67,13,Manager
M.Tech,IT,2017,8.31,10,Software Engineer
BCA,IT,2022,5.71,5,Data Analyst
B.Tech,AI,2015,6.02,20,AI Developer
B.Tech,Other,2016,6.09,9,Data Scientist
M.Tech,AI,2018,8.45,16,AI Developer
Other,CE,2020,4.24,5,Software Engineer
BCA,DS,2018,10.0,2,Data Scientist
BCA,DS,2021,8.07,10,Data Scientist
M.Tech,ML,2015,7.07,18,AI Developer
B.Tech,IT,2020,6.73,13,Software Engineer
B.Tech,IT,2019,7.14,10,Software Engineer
M.Tech,CSE,2023,7.43,13,Software Engineer
B.Tech,CSE,2024,7.57,2,Data Analyst
M.Tech,CSE,2017,7.47,15,Software Engineer
M.Tech,CSE,2017,6.91,7,Software Engineer
BCA,CSE,2015,6.56,12,Software Engineer
BCA,AI,2017,6.62,13,ML Developer
M.Tech,CSE,2015,6.57,4,Data Analyst
Other,CSE,2015,8.16,4,Data Analyst
M.Tech,Other,2021,7.51,8,Manager
B.Tech,IT,2019,3.27,20,Software Engineer
Other,AI,2021,7.59,3,ML Developer
PhD,AI,2019,7.03,15,AI Developer
B.Tech,CE,2022,6.78,17,Software Engineer
B.Tech,AI,2024,6.33,16,AI Developer
M.Tech,CE,2024,8.15,6,Data Analyst
M.Tech,AI,2021,7.94,10,ML Developer
B.Tech,CE,2023,5.87,6,Data Analyst
BCA,CE,2023,7.29,18,Software Engineer
BCA,IT,2016,5.63,17,Software Engineer
BCA,IT,2016,5.14,7,Software Engineer
B.Tech,AI,2017,6.05,1,Data Analyst
B.Tech,CSE,2015,7.83,5,Software Engineer
M.Tech,CE,2019,7.94,2,Software Engineer
Other,IT,2020,7.42,18,Software Engineer
B.Tech,Other,2015,7.67,8,AI Developer
B.Tech,DS,2019,7.42,18,Data Analyst
M.Tech,AI,2023,6.03,12,Data Analyst
M.Tech,CSE,2016,7.32,2,Software Engineer
B.Tech,CSE,2018,7.76,5,Software Engineer
M.Tech,CSE,2024,7.71,14,Software Engineer
B.Tech,CSE,2021,8.23,6,Data Analyst
M.Tech,DS,2021,7.65,5,Data Analyst
B.Tech,ML,2018,7.22,12,ML Developer
M.Tech,IT,2017,8.08,14,Software Engineer
BCA,CSE,2021,6.77,13,Software Engineer
B.Tech,AI,2016,5.74,9,Manager
M.Tech,AI,2021,6.6,3,AI Developer
M.Tech,IT,2020,5.91,9,Software Engineer
B.Tech,ML,2019,5.99,1,Manager
B.Tech,Other,2021,6.63,4,Manager
B.Tech,ML,2019,5.85,19,ML Developer
B.Tech,CSE,2024,6.43,10,Software Engineer
M.Tech,AI,2015,4.53,6,AI Developer
Other,IT,2020,7.06,18,Software Engineer
M.Tech,DS,2021,6.8,16,Data Analyst
B.Tech,AI,2017,5.82,5,Software Engineer
B.Tech,ML,2015,7.59,12,ML Developer
B.Tech,AI,2022,7.93,6,ML Developer
B.Tech,IT,2019,4.87,9,Software Engineer
Other,IT,2018,5.88,10,Software Engineer
M.Tech,CE,2019,5.88,14,Software Engineer
BCA,ML,2016,5.67,3,Data Scientist
B.Tech,CE,2024,7.8,2,Software Engineer
BCA,AI,2022,6.57,1,ML Developer
M.Tech,DS,2017,6.48,16,Data Analyst
M.Tech,AI,2023,4.4,4,ML Developer
B.Tech,CSE,2015,7.56,14,Software Engineer
BCA,ML,2018,5.31,17,Data Scientist
M.Tech,AI,2017,6.87,17,Software Engineer
B.Tech,IT,2017,7.13,17,Software Engineer
B.Tech,CE,2022,8.43,13,Software Engineer
B.Tech,Other,2020,5.23,8,Data Analyst
PhD,DS,2019,3.18,10,Data Analyst
B.Tech,CE,2024,7.02,13,Software Engineer
B.Tech,CSE,2023,8.96,2,Data Analyst
PhD,ML,2015,8.29,12,AI Developer
M.Tech,CSE,2016,7.05,1,Data Analyst
PhD,CSE,2020,6.21,1,Software Engineer
B.Tech,CSE,2023,7.77,17,Software Engineer
PhD,IT,2022,5.63,1,Software Engineer
BCA,CSE,2022,7.37,13,Software Engineer
B.Tech,IT,2017,7.41,18,Software Engineer
BCA,CSE,2022,8.07,15,Software Engineer
B.Tech,IT,2021,10.0,1,Data Analyst
PhD,ML,2016,7.27,7,AI Developer
B.Tech,IT,2020,6.19,2,Software Engineer
M.Tech,DS,2019,6.77,4,Data Analyst
M.Tech,ML,2017,4.68,11,ML Developer
M.Tech,DS,2021,5.97,5,Data Analyst
B.Tech,CE,2017,6.31,12,Software Engineer
M.Tech,ML,2018,6.17,2,Data Scientist
BCA,IT,2024,6.98,1,Data Analyst
M.Tech,CSE,2016,5.81,14,Software Engineer
B.Tech,CSE,2023,8.15,6,Software Engineer
B.Tech,CSE,2019,6.8,8,Data Analyst
B.Tech,ML,2016,6.79,17,Data Analyst
B.Tech,Other,2024,6.41,5,Software Engineer
B.Tech,IT,2019,6.99,7,Software Engineer
B.Tech,AI,2016,7.79,2,AI Developer
M.Tech,ML,2018,5.76,8,AI Developer
B.Tech,CE,2021,6.01,2,Data Analyst
B.Tech,IT,2020,6.44,14,Software Engineer
B.Tech,DS,2017,5.18,2,Data Analyst
M.Tech,CSE,2019,5.82,16,Software Engineer
B.Tech,AI,2021,6.23,6,AI Developer
Other,IT,2019,7.85,4,Software Engineer
M.Tech,AI,2017,7.12,11,AI Developer
BCA,ML,2024,7.03,17,ML Developer
B.Tech,CSE,2024,7.82,13,Software Engineer
B.Tech,CSE,2024,6.64,4,Software Engineer
M.Tech,DS,2018,7.27,7,Data Scientist
Other,CE,2023,6.68,20,Software Engineer
B.Tech,ML,2018,7.12,18,ML Developer
B.Tech,CSE,2023,6.1,9,Software Engineer
PhD,ML,2023,3.87,12,Manager
B.Tech,ML,2021,6.64,3,ML Developer
B.Tech,DS,2023,8.51,1,Data Analyst
B.Tech,Other,2019,7.91,2,Data Analyst
B.Tech,Other,2018,7.96,13,ML Developer
M.Tech,DS,2016,8.28,6,Data Analyst
M.Tech,AI,2021,6.91,13,Data Analyst
B.Tech,CSE,2017,7.04,19,Software Engineer
B.Tech,AI,2023,6.06,15,Data Analyst
BCA,IT,2019,6.42,8,Data Analyst
BCA,AI,2017,7.54,8,AI Developer
B.Tech,CE,2017,8.24,9,Software Engineer
Other,CSE,2015,6.63,8,Software Engineer
M.Tech,CE,2020,6.26,20,Software Engineer
Other,CSE,2023,6.8,9,Software Engineer
BCA,IT,2024,7.52,10,Software Engineer
B.Tech,CE,2015,5.07,12,Software Engineer
B.Tech,Other,2017,4.04,9,Manager
M.Tech,Other,2024,6.14,4,Data Scientist
BCA,IT,2019,5.34,20,Software Engineer
M.Tech,ML,2018,6.19,11,AI Developer
B.Tech,AI,2021,6.62,5,ML Developer
B.Tech,ML,2020,6.26,5,ML Developer
B.Tech,CSE,2017,8.54,6,Software Engineer
M.Tech,DS,2017,7.19,10,Data Analyst
B.Tech,CSE,2021,7.16,20,Software Engineer
B.Tech,CSE,2021,7.55,8,Data Analyst
Other,Other,2016,5.43,17,Software Engineer
BCA,ML,2024,8.05,4,AI Developer
B.Tech,ML,2015,6.71,5,Software Engineer
BCA,CSE,2024,7.6,1,Software Engineer
Other,CSE,2020,5.51,3,Software Engineer
B.Tech,ML,2022,4.94,6,AI Developer
B.Tech,CSE,2015,7.78,18,Software Engineer
M.Tech,AI,2016,7.25,1,Data Scientist
B.Tech,CSE,2023,5.72,14,Software Engineer
B.Tech,DS,2015,5.76,8,Data Analyst
B.Tech,AI,2018,8.15,13,ML Developer
BCA,DS,2022,5.37,6,Data Scientist
B.Tech,Other,2019,8.77,12,Manager
M.Tech,CSE,2016,5.72,2,Software Engineer
B.Tech,IT,2024,7.57,6,Data Analyst
B.Tech,AI,2019,6.41,20,AI Developer
B.Tech,CSE,2022,7.52,12,Software Engineer
Other,ML,2016,6.15,1,Software Engineer
BCA,CSE,2017,6.6,13,Software Engineer
B.Tech,ML,2022,6.85,3,Manager
M.Tech,Other,2019,5.6,5,Manager
B.Tech,CSE,2021,7.69,12,Software Engineer
B.Tech,IT,2021,6.18,20,Software Engineer
BCA,CSE,2018,6.53,13,Software Engineer
B.Tech,IT,2023,5.61,16,Software Engineer
M.Tech,ML,2021,3.73,3,Data Analyst
BCA,IT,2018,6.57,3,Software Engineer
B.Tech,CSE,2015,9.7,12,Software Engineer
M.Tech,Other,2016,7.74,2,AI Developer
B.Tech,ML,2017,6.78,10,ML Developer
B.Tech,DS,2021,6.48,8,Data Analyst
B.Tech,ML,2016,6.83,5,ML Developer
BCA,AI,2021,7.46,12,AI Developer
B.Tech,AI,2022,5.38,20,Software Engineer
B.Tech,IT,2016,8.14,8,Software Engineer
B.Tech,ML,2021,7.66,5,ML Developer
M.Tech,CSE,2023,7.66,10,Software Engineer
M.Tech,ML,2022,7.33,1,AI Developer
B.Tech,DS,2015,6.82,20,Data Scientist
M.Tech,CE,2021,7.61,15,Software Engineer
M.Tech,ML,2024,7.51,17,AI Developer
B.Tech,DS,2019,6.38,3,Data Analyst
Other,CSE,2018,6.11,13,Software Engineer
M.Tech,CSE,2017,6.92,18,Software Engineer
M.Tech,CE,2022,8.66,16,Software Engineer
B.Tech,AI,2021,5.31,6,Manager
BCA,AI,2018,5.04,9,Manager
B.Tech,IT,2020,7.0,1,Software Engineer
B.Tech,IT,2016,6.86,7,Software Engineer
BCA,CSE,2023,7.01,7,Software Engineer
B.Tech,CE,2024,7.09,19,Software Engineer
B.Tech,Other,2022,6.53,2,Manager
B.Tech,DS,2015,8.59,12,Data Scientist
Other,IT,2020,4.88,13,Software Engineer
BCA,Other,2016,5.81,11,ML Developer
PhD,IT,2023,6.68,5,Software Engineer
M.Tech,IT,2024,4.83,2,Data Analyst
B.Tech,AI,2016,6.59,3,Data Scientist
B.Tech,CSE,2017,8.79,6,Data Analyst
B.Tech,CSE,2019,6.83,12,Software Engineer
M.Tech,DS,2015,7.08,13,Data Analyst
Other,AI,2017,5.29,19,Data Scientist
Other,CE,2015,6.06,5,Data Analyst
M.Tech,Other,2016,6.35,16,Manager
M.Tech,CSE,2019,6.42,6,Software Engineer
B.Tech,IT,2016,8.34,3,Software Engineer
BCA,IT,2022,7.47,9,Software Engineer
BCA,IT,2017,5.47,4,Data Analyst
B.Tech,DS,2021,7.1,14,Data Scientist
Other,CSE,2020,7.4,17,Software Engineer
BCA,Other,2020,8.17,3,Data Scientist
B.Tech,IT,2015,8.7,20,Software Engineer
Other,CE,2018,5.58,18,Software Engineer
B.Tech,DS,2019,5.83,13,Data Analyst
B.Tech,CE,2021,5.29,15,Software Engineer
M.Tech,CSE,2022,6.52,18,Software Engineer
Other,IT,2016,7.36,6,Software Engineer
Other,DS,2021,7.98,7,Data Analyst
B.Tech,CSE,2024,6.71,16,Software Engineer
B.Tech,ML,2016,6.42,9,ML Developer
B.Tech,CSE,2022,6.98,5,Software Engineer
B.Tech,CE,2024,5.8,13,Software Engineer
B.Tech,ML,2021,9.31,16,AI Developer
B.Tech,CE,2021,4.87,9,Software Engineer
B.Tech,CSE,2017,7.02,3,Data Analyst
B.Tech,CSE,2022,9.23,14,Software Engineer
M.Tech,AI,2019,6.81,6,Manager
B.Tech,DS,2020,6.57,10,Data Analyst
B.Tech,IT,2022,6.37,18,Software Engineer
M.Tech,CSE,2021,6.58,12,Software Engineer
Other,AI,2015,8.45,18,ML Developer
M.Tech,CE,2024,4.15,20,Software Engineer
B.Tech,AI,2020,8.64,1,AI Developer
M.Tech,CSE,2020,5.09,4,Data Analyst
B.Tech,ML,2022,6.48,5,Data Scientist
B.Tech,Other,2016,6.28,2,Software Engineer
BCA,CSE,2023,7.51,6,Data Analyst
B.Tech,CSE,2018,4.88,19,Software Engineer
Other,IT,2020,7.35,1,Data Analyst
PhD,IT,2016,9.23,16,Software Engineer
M.Tech,IT,2021,5.16,12,Software Engineer
B.Tech,IT,2023,7.03,11,Software Engineer
B.Tech,CSE,2021,6.01,12,Software Engineer
B.Tech,AI,2023,7.31,14,AI Developer
BCA,AI,2021,6.82,10,Data Scientist
M.Tech,DS,2016,6.03,3,Data Scientist
B.Tech,AI,2024,7.39,14,AI Developer
BCA,AI,2023,8.97,4,ML Developer
M.Tech,ML,2019,6.57,14,Software Engineer
B.Tech,IT,2021,7.66,4,Software Engineer
PhD,Other,2020,5.25,15,Manager
Other,AI,2021,5.65,1,AI Developer
BCA,IT,2019,7.37,9,Software Engineer
B.Tech,DS,2021,8.58,8,Data Analyst
Other,CE,2015,7.23,5,Data Analyst
BCA,IT,2024,6.42,11,Software Engineer
B.Tech,Other,2021,6.8,8,Data Analyst
Other,CSE,2021,5.3,2,Data Analyst
B.Tech,AI,2017,7.53,13,Data Scientist
M.Tech,IT,2016,7.86,5,Software Engineer
M.Tech,ML,2019,6.26,18,Software Engineer
Other,CSE,2016,6.24,1,Data Analyst
B.Tech,ML,2017,7.12,1,ML Developer
M.Tech,Other,2024,6.28,13,Manager
BCA,CSE,2022,6.72,12,Software Engineer
B.Tech,AI,2018,9.32,10,AI Developer
BCA,ML,2021,6.5,9,Data Scientist
B.Tech,CE,2017,6.37,1,Software Engineer
B.Tech,DS,2016,6.02,4,Data Analyst
B.Tech,CSE,2016,7.69,16,Software Engineer
BCA,DS,2018,6.58,13,Data Analyst
BCA,IT,2022,6.02,3,Software Engineer
M.Tech,IT,2020,8.39,15,Software Engineer
BCA,CSE,2015,8.5,6,Software Engineer
B.Tech,CSE,2020,6.08,16,Software Engineer
Other,AI,2015,4.56,6,Data Analyst
BCA,DS,2018,8.01,20,Data Analyst
B.Tech,IT,2017,5.98,7,Data Analyst
B.Tech,CSE,2020,7.75,5,Software Engineer
B.Tech,AI,2017,4.44,9,AI Developer
M.Tech,Other,2020,7.87,18,Data Scientist
B.Tech,ML,2022,5.35,14,Data Analyst
Other,DS,2019,7.68,6,Data Analyst
BCA,ML,2021,6.82,4,Data Analyst
BCA,AI,2017,5.66,7,Data Scientist
M.Tech,DS,2021,6.31,20,Data Scientist
BCA,AI,2024,7.62,13,ML Developer
M.Tech,IT,2016,6.93,15,Software Engineer
B.Tech,CE,2023,7.5,9,Software Engineer
M.Tech,CSE,2023,9.17,12,Software Engineer
B.Tech,CSE,2020,4.92,14,Software Engineer
BCA,IT,2016,8.74,7,Data Analyst
B.Tech,ML,2016,6.93,1,AI Developer
M.Tech,ML,2018,5.72,15,Data Analyst
BCA,DS,2023,5.2,3,Data Analyst
M.Tech,IT,2016,6.57,18,Software Engineer
B.Tech,AI,2016,7.91,19,Data Scientist
B.Tech,ML,2020,6.65,11,Software Engineer
B.Tech,ML,2022,8.61,2,Data Scientist
B.Tech,CSE,2017,5.06,20,Software Engineer
B.Tech,IT,2024,6.79,1,Data Analyst
B.Tech,ML,2024,5.3,1,ML Developer
B.Tech,ML,2021,7.24,2,Data Scientist
Other,CE,2015,7.86,3,Data Analyst
B.Tech,ML,2019,6.3,9,AI Developer
BCA,IT,2023,3.67,11,Software Engineer
M.Tech,CE,2019,7.04,15,Software Engineer
M.Tech,AI,2016,7.32,12,Data Scientist
B.Tech,CSE,2015,7.29,5,Software Engineer
Other,DS,2021,8.28,8,Data Analyst
B.Tech,DS,2020,5.51,18,Data Scientist
Other,DS,2019,7.62,2,Data Analyst
Other,CE,2020,8.23,20,Software Engineer
BCA,IT,2017,4.67,5,Data Analyst
B.Tech,CSE,2017,7.18,19,Software Engineer
PhD,Other,2021,6.19,15,Data Scientist
M.Tech,CSE,2022,6.7,16,Software Engineer
Other,CSE,2022,7.22,8,Software Engineer
B.Tech,CSE,2016,6.22,12,Software Engineer
M.Tech,DS,2018,5.99,3,Data Analyst
M.Tech,CSE,2018,6.84,15,Software Engineer
BCA,CSE,2016,5.5,11,Software Engineer
B.Tech,AI,2023,5.5,17,AI Developer
BCA,CSE,2022,7.62,5,Software Engineer
Other,CSE,2020,5.42,13,Software Engineer
Other,DS,2023,7.6,7,Data Scientist
B.Tech,CSE,2017,7.36,10,Software Engineer
Other,AI,2016,4.73,5,ML Developer
PhD,ML,2018,5.99,1,Manager
B.Tech,CE,2023,8.23,15,Software Engineer
B.Tech,CSE,2023,5.62,3,Data Analyst
B.Tech,CSE,2023,6.24,14,Software Engineer
M.Tech,CE,2019,7.35,12,Software Engineer
B.Tech,AI,2021,7.74,7,AI Developer
B.Tech,AI,2023,6.5,20,ML Developer
M.Tech,CSE,2015,6.08,8,Software Engineer
B.Tech,CE,2015,8.51,19,Software Engineer
B.Tech,CE,2016,8.89,9,Software Engineer
B.Tech,AI,2021,7.97,13,AI Developer
B.Tech,ML,2019,6.9,16,Software Engineer
B.Tech,CSE,2019,5.83,20,Software Engineer
B.Tech,CE,2017,5.8,17,Software Engineer
Other,AI,2019,7.43,8,AI Developer
M.Tech,CSE,2020,7.3,15,Software Engineer
B.Tech,CE,2022,8.48,14,Software Engineer
B.Tech,CSE,2019,7.58,3,Software Engineer
M.Tech,DS,2024,5.0,12,Data Scientist
M.Tech,IT,2018,8.06,16,Software Engineer
B.Tech,ML,2024,5.6,10,Software Engineer
M.Tech,CSE,2017,6.34,4,Software Engineer
B.Tech,ML,2022,7.1,16,ML Developer
Other,CSE,2022,9.19,9,Software Engineer
B.Tech,CE,2020,10.0,10,Software Engineer
BCA,DS,2024,7.53,16,Data Analyst
M.Tech,ML,2015,6.58,5,ML Developer
PhD,AI,2017,7.44,12,ML Developer
B.Tech,ML,2021,7.87,12,AI Developer
B.Tech,DS,2021,6.42,4,Data Scientist
PhD,AI,2022,8.95,17,AI Developer
Other,CSE,2020,7.08,13,Software Engineer
M.Tech,DS,2019,7.4,10,Data Analyst
M.Tech,ML,2024,7.6,4,ML Developer
M.Tech,Other,2020,7.31,10,Manager
Other,IT,2017,7.81,15,Software Engineer
M.Tech,IT,2019,6.06,20,Software Engineer
M.Tech,CSE,2022,6.13,10,Software Engineer
B.Tech,CSE,2022,5.48,2,Software Engineer
B.Tech,AI,2015,7.33,16,AI Developer
B.Tech,AI,2015,7.73,2,AI Developer
B.Tech,CSE,2023,7.35,18,Software Engineer
B.Tech,CE,2019,8.81,5,Software Engineer
B.Tech,DS,2019,6.79,8,Data Analyst
Other,CSE,2021,7.6,14,Software Engineer
B.Tech,DS,2019,5.49,10,Data Analyst
B.Tech,IT,2020,6.34,19,Software Engineer
B.Tech,ML,2019,7.63,5,ML Developer
B.Tech,CSE,2019,7.82,19,Software Engineer
Other,IT,2017,6.45,13,Software Engineer
BCA,ML,2016,6.71,5,Data Analyst
B.Tech,CSE,2020,4.98,15,Software Engineer
B.Tech,IT,2021,6.37,15,Software Engineer
B.Tech,AI,2021,7.87,3,ML Developer
M.Tech,CSE,2018,7.49,19,Software Engineer
M.Tech,CSE,2023,7.4,19,Software Engineer
PhD,CE,2021,6.86,5,Data Analyst
M.Tech,IT,2023,6.81,15,Software Engineer
BCA,CE,2019,6.01,4,Data Analyst
M.Tech,ML,2024,7.64,16,ML Developer
PhD,CSE,2024,7.31,17,Software Engineer
BCA,CE,2018,7.39,17,Software Engineer
B.Tech,ML,2022,6.17,5,Software Engineer
PhD,AI,2017,4.22,10,Manager
BCA,DS,2022,8.12,20,Data Scientist
B.Tech,CE,2024,6.23,4,Software Engineer
B.Tech,CSE,2015,5.76,17,Software Engineer
B.Tech,CE,2016,7.63,10,Software Engineer
B.Tech,Other,2018,6.33,18,AI Developer
BCA,AI,2024,8.07,4,ML Developer
M.Tech,CSE,2018,7.54,6,Software Engineer
M.Tech,CSE,2016,7.62,19,Software Engineer
M.Tech,AI,2021,5.16,13,Data Scientist
BCA,IT,2021,8.25,5,Software Engineer
B.Tech,CSE,2021,7.11,1,Data Analyst
B.Tech,AI,2024,6.36,15,Manager
Other,IT,2017,6.97,15,Software Engineer
PhD,IT,2015,4.67,6,Data Analyst
M.Tech,DS,2018,7.29,12,Data Scientist
M.Tech,IT,2017,5.56,5,Data Analyst
M.Tech,AI,2022,5.18,5,AI Developer
BCA,AI,2021,4.97,3,Data Scientist
M.Tech,Other,2024,8.14,6,Data Analyst
BCA,IT,2023,6.04,9,Software Engineer
B.Tech,CSE,2024,8.64,12,Software Engineer
M.Tech,ML,2016,6.16,2,Manager
PhD,CSE,2016,4.75,4,Data Analyst
Other,IT,2018,5.46,8,Software Engineer
PhD,CSE,2021,8.28,14,Software Engineer
Other,CE,2019,6.61,4,Software Engineer
BCA,CE,2020,6.14,20,Software Engineer
M.Tech,CE,2017,6.99,11,Software Engineer
B.Tech,IT,2017,7.4,19,Software Engineer
M.Tech,CSE,2022,8.14,15,Software Engineer
M.Tech,CSE,2017,8.54,14,Software Engineer
BCA,ML,2018,6.37,3,Data Analyst
B.Tech,Other,2016,5.21,7,Manager
BCA,DS,2020,6.3,14,Data Analyst
PhD,CSE,2023,7.11,16,Software Engineer
B.Tech,CSE,2022,5.64,17,Software Engineer
B.Tech,AI,2023,5.65,5,Manager
B.Tech,AI,2016,7.21,19,AI Developer
BCA,CSE,2016,6.74,16,Software Engineer
B.Tech,AI,2020,6.84,1,Software Engineer
BCA,CSE,2019,5.89,13,Software Engineer
BCA,CE,2017,6.52,10,Software Engineer
B.Tech,AI,2023,5.69,20,Data Analyst
B.Tech,AI,2023,7.87,4,ML Developer
Other,Other,2015,8.04,2,AI Developer
B.Tech,CSE,2015,4.58,5,Software Engineer
M.Tech,ML,2015,5.68,8,ML Developer
B.Tech,DS,2024,5.0,2,Data Analyst
B.Tech,IT,2024,6.02,3,Data Analyst
Other,CSE,2015,6.7,4,Software Engineer
M.Tech,CSE,2020,5.06,14,Software Engineer
M.Tech,ML,2018,5.69,1,Manager
B.Tech,ML,2018,5.6,18,Data Analyst
PhD,AI,2015,7.05,18,ML Developer
B.Tech,IT,2017,6.88,14,Software Engineer
BCA,IT,2016,5.93,15,Software Engineer
B.Tech,AI,2020,7.01,12,AI Developer
B.Tech,CE,2018,6.14,3,Software Engineer
B.Tech,ML,2023,6.47,19,Manager
Other,CE,2018,8.81,2,Software Engineer
B.Tech,IT,2019,8.41,2,Data Analyst
B.Tech,AI,2018,5.24,10,Software Engineer
M.Tech,IT,2016,7.8,3,Software Engineer
B.Tech,IT,2022,7.77,12,Software Engineer
PhD,DS,2022,5.42,10,Data Scientist
BCA,CSE,2018,7.78,17,Software Engineer
PhD,CSE,2023,8.65,17,Software Engineer
B.Tech,CSE,2021,5.45,20,Software Engineer
M.Tech,CE,2017,5.7,17,Software Engineer
B.Tech,ML,2018,8.02,4,AI Developer
BCA,CSE,2018,7.13,15,Software Engineer
M.Tech,IT,2016,7.46,1,Data Analyst
BCA,CSE,2024,7.21,13,Software Engineer
B.Tech,Other,2015,7.27,9,Data Analyst
B.Tech,CE,2021,5.21,13,Software Engineer
B.Tech,CSE,2021,8.06,6,Data Analyst
M.Tech,AI,2015,8.2,18,ML Developer
Other,DS,2020,6.52,9,Data Scientist
M.Tech,ML,2020,6.75,20,ML Developer
PhD,ML,2015,4.96,4,Manager
Other,DS,2019,7.42,18,Data Analyst
M.Tech,AI,2023,7.49,9,AI Developer
B.Tech,ML,2018,6.73,5,Manager
B.Tech,AI,2019,8.15,3,Data Scientist
BCA,CSE,2024,6.4,13,Software Engineer
B.Tech,CSE,2019,7.48,9,Software Engineer
BCA,ML,2024,5.58,1,Manager
B.Tech,AI,2019,6.77,6,ML Developer
M.Tech,IT,2022,6.59,2,Data Analyst
M.Tech,ML,2018,7.07,14,AI Developer
Other,CSE,2024,6.36,18,Software Engineer
B.Tech,CE,2017,6.64,9,Software Engineer
BCA,CSE,2022,7.79,5,Software Engineer
M.Tech,CSE,2024,6.28,2,Software Engineer
B.Tech,CE,2023,4.87,15,Software Engineer
M.Tech,CE,2018,8.9,2,Data Analyst
Other,CE,2020,8.46,18,Software Engineer
BCA,AI,2020,5.25,4,Manager
M.Tech,CSE,2016,7.63,8,Software Engineer
B.Tech,IT,2021,6.2,3,Data Analyst
PhD,CSE,2020,7.12,20,Software Engineer
BCA,CSE,2021,7.15,12,Software Engineer
M.Tech,Other,2024,6.52,1,Software Engineer
B.Tech,CSE,2017,5.86,19,Software Engineer
B.Tech,AI,2020,5.97,17,Data Scientist
BCA,IT,2024,5.7,12,Software Engineer
Other,IT,2024,5.8,2,Software Engineer
B.Tech,Other,2016,6.72,3,Software Engineer
M.Tech,Other,2023,5.94,14,Data Analyst
BCA,ML,2023,7.62,2,ML Developer
M.Tech,IT,2020,8.58,9,Software Engineer
B.Tech,AI,2018,6.1,11,Software Engineer
BCA,Other,2018,7.09,15,AI Developer
BCA,CSE,2018,7.4,15,Software Engineer
BCA,DS,2020,7.37,3,Data Analyst
M.Tech,DS,2022,6.89,20,Data Analyst
BCA,CSE,2017,7.69,18,Software Engineer
B.Tech,DS,2024,7.38,5,Data Scientist
BCA,CSE,2016,5.31,3,Data Analyst
B.Tech,Other,2024,7.84,16,Data Scientist
PhD,CSE,2017,7.86,15,Software Engineer
B.Tech,CSE,2019,5.88,18,Software Engineer
BCA,IT,2016,6.85,5,Software Engineer
BCA,CE,2017,7.62,3,Software Engineer
M.Tech,IT,2021,6.55,14,Software Engineer
B.Tech,IT,2023,8.09,8,Data Analyst
B.Tech,DS,2020,9.64,19,Data Scientist
B.Tech,ML,2016,5.86,12,ML Developer
Other,AI,2021,5.14,10,ML Developer
BCA,ML,2024,7.16,17,AI Developer
PhD,AI,2020,7.67,15,AI Developer
B.Tech,IT,2024,6.52,9,Software Engineer
Other,CE,2019,8.54,16,Software Engineer
B.Tech,AI,2023,5.19,19,Data Analyst
BCA,IT,2020,7.63,13,Software Engineer
B.Tech,CSE,2017,6.07,2,Software Engineer
B.Tech,CSE,2024,8.86,11,Software Engineer
B.Tech,CSE,2016,9.19,10,Software Engineer
B.Tech,IT,2017,5.88,10,Software Engineer
Other,CSE,2024,6.14,4,Software Engineer
M.Tech,CSE,2018,7.83,18,Software Engineer
BCA,ML,2015,6.34,20,Manager
Other,IT,2018,6.75,1,Data Analyst
BCA,CE,2018,6.83,10,Software Engineer
Other,AI,2022,4.5,17,Software Engineer
BCA,CSE,2016,6.78,4,Data Analyst
PhD,IT,2016,5.97,5,Data Analyst
BCA,CSE,2020,6.21,3,Software Engineer
BCA,CSE,2023,8.53,11,Software Engineer
B.Tech,AI,2023,5.29,3,Data Scientist
M.Tech,DS,2015,7.78,14,Data Analyst
BCA,IT,2018,6.47,18,Software Engineer
M.Tech,DS,2015,6.46,1,Data Analyst
M.Tech,DS,2018,7.75,7,Data Analyst
B.Tech,ML,2022,7.21,10,AI Developer
M.Tech,CE,2023,7.48,7,Software Engineer
B.Tech,IT,2024,7.96,7,Software Engineer
B.Tech,AI,2024,6.4,13,Data Scientist
M.Tech,AI,2022,6.07,17,Data Scientist
Other,DS,2018,5.5,10,Data Scientist
M.Tech,AI,2024,5.81,12,Data Analyst
M.Tech,CE,2016,10.0,10,Software Engineer
B.Tech,IT,2018,8.29,14,Software Engineer
B.Tech,IT,2020,5.18,4,Data Analyst
M.Tech,ML,2022,5.21,16,Data Analyst
B.Tech,CSE,2019,7.38,9,Software Engineer
M.Tech,DS,2021,7.46,2,Data Analyst
B.Tech,AI,2021,7.46,13,Data Scientist
B.Tech,CSE,2015,6.49,9,Software Engineer
M.Tech,CSE,2015,6.65,10,Software Engineer
B.Tech,CSE,2017,7.19,18,Software Engineer
B.Tech,AI,2024,6.9,20,AI Developer
B.Tech,IT,2015,4.14,13,Software Engineer
B.Tech,ML,2020,6.52,18,Manager
M.Tech,IT,2020,5.78,18,Software Engineer
B.Tech,CSE,2023,7.01,13,Software Engineer
PhD,CSE,2017,10.0,12,Software Engineer
B.Tech,CSE,2018,7.24,1,Software Engineer
BCA,ML,2023,6.42,4,Data Analyst
B.Tech,IT,2017,7.91,10,Software Engineer
B.Tech,CSE,2018,7.38,2,Data Analyst
BCA,ML,2021,7.3,13,AI Developer
BCA,CSE,2016,7.53,3,Software Engineer
M.Tech,ML,2021,9.27,1,AI Developer
BCA,AI,2017,5.44,4,Data Scientist
M.Tech,IT,2024,7.37,10,Software Engineer
BCA,IT,2015,5.69,10,Software Engineer
B.Tech,CSE,2019,7.47,19,Software Engineer
M.Tech,CSE,2016,5.7,8,Data Analyst
M.Tech,IT,2023,6.3,17,Software Engineer
B.Tech,CE,2022,6.45,13,Software Engineer
Other,ML,2016,7.97,15,AI Developer
Other,IT,2018,7.9,15,Software Engineer
B.Tech,AI,2019,5.31,11,Software Engineer
BCA,Other,2016,6.87,18,Software Engineer
B.Tech,DS,2024,5.95,8,Data Analyst
B.Tech,ML,2023,5.29,19,Software Engineer
B.Tech,IT,2021,6.54,10,Software Engineer
BCA,ML,2015,6.43,11,Data Scientist
M.Tech,IT,2015,9.71,9,Software Engineer
M.Tech,ML,2022,7.32,18,ML Developer
Other,CSE,2022,5.15,16,Software Engineer
M.Tech,DS,2016,6.12,4,Data Analyst
B.Tech,CSE,2015,8.03,6,Software Engineer
B.Tech,IT,2016,9.31,2,Data Analyst
M.Tech,AI,2023,4.9,16,Software Engineer
BCA,IT,2021,4.54,1,Data Analyst
B.Tech,Other,2019,9.05,17,AI Developer
M.Tech,IT,2017,7.27,5,Data Analyst
M.Tech,CSE,2024,5.76,12,Software Engineer
M.Tech,CSE,2022,7.44,7,Data Analyst
Other,ML,2017,3.64,6,Data Analyst
BCA,IT,2020,6.8,14,Software Engineer
B.Tech,IT,2015,7.19,10,Software Engineer
BCA,CSE,2016,7.91,18,Software Engineer
M.Tech,CE,2024,5.58,15,Software Engineer
M.Tech,CE,2023,6.9,8,Data Analyst
M.Tech,DS,2019,5.69,10,Data Scientist
PhD,AI,2019,7.11,12,ML Developer
B.Tech,CSE,2023,5.73,7,Software Engineer
M.Tech,CSE,2018,6.31,9,Software Engineer
B.Tech,AI,2017,5.61,17,Data Analyst
M.Tech,IT,2024,7.58,19,Software Engineer
M.Tech,Other,2024,7.83,16,Software Engineer
B.Tech,ML,2018,6.52,3,Data Analyst
B.Tech,CSE,2015,6.85,11,Software Engineer
B.Tech,Other,2017,5.06,17,ML Developer
B.Tech,IT,2019,6.44,17,Software Engineer
BCA,CSE,2021,6.74,13,Software Engineer
BCA,ML,2020,9.94,10,Data Scientist
B.Tech,CE,2024,5.47,7,Software Engineer
Other,ML,2017,8.56,14,ML Developer
M.Tech,ML,2016,8.0,18,Data Scientist
M.Tech,CSE,2020,7.14,15,Software Engineer
BCA,CSE,2021,8.91,7,Software Engineer
B.Tech,CSE,2015,7.25,7,Data Analyst
B.Tech,CSE,2024,7.27,10,Software Engineer
B.Tech,DS,2019,6.74,17,Data Scientist
M.Tech,CE,2019,8.27,16,Software Engineer
B.Tech,Other,2019,8.12,9,Data Scientist
B.Tech,AI,2015,6.05,16,Data Analyst
M.Tech,IT,2022,5.22,18,Software Engineer
BCA,CE,2015,6.56,20,Software Engineer
PhD,CSE,2017,5.84,5,Software Engineer
B.Tech,ML,2015,6.72,15,Data Scientist
BCA,CSE,2023,8.28,9,Software Engineer
Other,CSE,2024,6.25,1,Data Analyst
BCA,ML,2020,6.75,6,Data Analyst
BCA,IT,2015,6.87,13,Software Engineer
B.Tech,AI,2015,7.82,3,AI Developer
BCA,CSE,2019,4.1,3,Software Engineer
B.Tech,CSE,2018,6.07,17,Software Engineer
B.Tech,AI,2015,7.05,10,AI Developer
B.Tech,CSE,2024,8.24,3,Data Analyst
B.Tech,DS,2017,6.21,3,Data Analyst
M.Tech,Other,2017,4.55,1,Software Engineer
M.Tech,IT,2018,7.54,10,Software Engineer
BCA,AI,2018,6.04,5,AI Developer
B.Tech,ML,2017,5.37,9,Software Engineer
M.Tech,IT,2018,6.05,9,Software Engineer
PhD,CSE,2019,6.58,9,Software Engineer
M.Tech,CSE,2022,6.07,12,Software Engineer
M.Tech,CSE,2023,4.15,15,Software Engineer
BCA,AI,2017,7.88,2,Data Scientist
M.Tech,CSE,2024,8.33,7,Data Analyst
B.Tech,ML,2019,7.58,7,AI Developer
Other,AI,2019,5.43,3,Data Analyst
BCA,CSE,2022,6.56,9,Software Engineer
B.Tech,CSE,2017,6.79,16,Software Engineer
B.Tech,AI,2020,7.52,19,AI Developer
M.Tech,CE,2016,7.6,12,Software Engineer
PhD,CE,2021,5.92,16,Software Engineer
B.Tech,AI,2016,6.9,6,AI Developer
B.Tech,IT,2017,7.35,1,Data Analyst
BCA,IT,2024,8.55,14,Software Engineer
BCA,IT,2018,7.65,9,Software Engineer
BCA,AI,2022,7.75,13,AI Developer
Other,DS,2023,6.9,4,Data Analyst
BCA,Other,2021,8.49,19,Manager
B.Tech,CSE,2019,7.29,20,Software Engineer
Other,DS,2018,5.77,19,Data Scientist
B.Tech,CSE,2015,8.48,3,Data Analyst
BCA,CSE,2020,7.64,15,Software Engineer
B.Tech,IT,2017,6.27,7,Software Engineer
B.Tech,CE,2018,6.22,7,Data Analyst
B.Tech,CSE,2023,7.16,12,Software Engineer
B.Tech,CSE,2016,7.36,16,Software Engineer
M.Tech,IT,2018,7.04,16,Software Engineer
M.Tech,ML,2018,7.17,4,AI Developer
B.Tech,DS,2021,8.84,11,Data Scientist
BCA,ML,2021,8.09,20,AI Developer
B.Tech,IT,2024,7.03,1,Software Engineer
PhD,CSE,2018,7.93,12,Software Engineer
B.Tech,IT,2015,5.56,20,Software Engineer
M.Tech,IT,2016,7.28,8,Software Engineer
M.Tech,CE,2019,8.97,14,Software Engineer
B.Tech,IT,2017,6.54,14,Software Engineer
B.Tech,CSE,2022,5.78,2,Data Analyst
Other,IT,2017,6.02,13,Software Engineer
M.Tech,ML,2022,5.49,3,AI Developer
M.Tech,CSE,2021,5.86,1,Software Engineer
B.Tech,AI,2021,6.36,15,Manager
M.Tech,Other,2021,5.11,14,Manager
B.Tech,CSE,2016,6.82,20,Software Engineer
BCA,DS,2023,7.88,12,Data Scientist
BCA,ML,2020,5.71,4,Software Engineer
Other,IT,2021,8.62,3,Software Engineer
B.Tech,DS,2024,7.41,9,Data Analyst
BCA,ML,2022,8.04,14,AI Developer
B.Tech,CSE,2022,6.01,15,Software Engineer
B.Tech,DS,2020,7.83,9,Data Analyst
M.Tech,ML,2015,5.49,18,AI Developer
B.Tech,IT,2015,7.87,15,Software Engineer
B.Tech,AI,2024,7.01,4,AI Developer
B.Tech,ML,2018,7.46,6,AI Developer
B.Tech,ML,2022,5.39,14,AI Developer
B.Tech,IT,2024,5.73,8,Data Analyst
B.Tech,CSE,2015,7.52,5,Software Engineer
B.Tech,Other,2016,5.66,11,Data Scientist
BCA,IT,2015,7.36,6,Data Analyst
BCA,ML,2016,5.16,14,Manager
BCA,AI,2019,7.82,20,ML Developer
PhD,CSE,2015,5.32,12,Software Engineer
M.Tech,CSE,2021,7.46,9,Software Engineer
BCA,ML,2019,7.55,17,ML Developer
M.Tech,DS,2019,5.96,9,Data Analyst
B.Tech,ML,2017,7.5,9,AI Developer
M.Tech,Other,2020,7.11,4,Software Engineer
B.Tech,ML,2018,6.15,3,Data Analyst
B.Tech,ML,2022,5.59,19,ML Developer
M.Tech,CSE,2021,4.44,16,Software Engineer
Other,CE,2020,7.22,11,Software Engineer
B.Tech,IT,2022,4.92,16,Software Engineer
B.Tech,AI,2021,6.91,9,ML Developer
B.Tech,DS,2016,6.48,16,Data Analyst
B.Tech,CSE,2023,7.61,12,Software Engineer
B.Tech,ML,2022,6.44,15,Manager
B.Tech,AI,2024,6.4,12,Data Analyst
B.Tech,Other,2015,7.68,10,Data Analyst
BCA,Other,2021,7.2,18,Software Engineer
B.Tech,DS,2016,7.18,4,Data Analyst
B.Tech,CSE,2019,7.36,6,Software Engineer
BCA,Other,2021,4.96,18,ML Developer
B.Tech,CSE,2024,7.71,9,Software Engineer
B.Tech,IT,2016,7.53,11,Software Engineer
M.Tech,IT,2018,5.58,13,Software Engineer
M.Tech,IT,2022,6.51,6,Software Engineer
B.Tech,CE,2020,6.75,15,Software Engineer
M.Tech,AI,2016,6.64,13,Data Analyst
M.Tech,Other,2021,7.2,7,Data Scientist
B.Tech,CSE,2024,8.52,20,Software Engineer
M.Tech,CE,2024,8.1,14,Software Engineer
Other,CSE,2018,5.23,6,Data Analyst
M.Tech,Other,2015,7.55,20,Data Scientist
B.Tech,IT,2018,8.39,6,Data Analyst
B.Tech,DS,2017,7.26,16,Data Scientist
Other,CSE,2019,8.11,3,Software Engineer
B.Tech,IT,2018,9.21,20,Software Engineer
B.Tech,CSE,2017,8.03,15,Software Engineer
M.Tech,CSE,2024,7.1,11,Software Engineer
PhD,DS,2018,8.05,15,Data Scientist
B.Tech,ML,2021,6.97,17,ML Developer
PhD,CE,2021,6.83,9,Software Engineer
PhD,IT,2024,6.38,18,Software Engineer
BCA,IT,2015,8.68,10,Software Engineer
BCA,ML,2015,5.82,12,ML Developer
BCA,IT,2022,8.64,14,Software Engineer
BCA,CSE,2019,7.4,19,Software Engineer
BCA,CSE,2017,5.12,12,Software Engineer
B.Tech,CSE,2018,7.24,16,Software Engineer
B.Tech,CE,2016,4.28,15,Software Engineer
PhD,IT,2018,7.55,9,Software Engineer
B.Tech,AI,2020,7.86,15,ML Developer
M.Tech,AI,2017,6.09,5,Data Analyst
B.Tech,CSE,2020,6.95,19,Software Engineer
B.Tech,CSE,2017,9.14,19,Software Engineer
M.Tech,IT,2022,6.19,10,Software Engineer
B.Tech,ML,2017,5.53,5,Data Analyst
B.Tech,IT,2018,8.58,1,Software Engineer
M.Tech,CSE,2015,9.16,9,Software Engineer
B.Tech,IT,2023,6.8,13,Software Engineer
M.Tech,DS,2020,8.01,5,Data Analyst
M.Tech,IT,2021,8.41,16,Software Engineer
M.Tech,DS,2022,5.91,6,Data Analyst
B.Tech,AI,2016,6.22,11,Software Engineer
B.Tech,CSE,2019,8.28,20,Software Engineer
BCA,ML,2018,8.82,12,ML Developer
M.Tech,AI,2015,7.48,17,Data Scientist
BCA,IT,2015,5.74,13,Software Engineer
M.Tech,Other,2023,9.18,3,AI Developer
M.Tech,IT,2023,6.16,3,Software Engineer
B.Tech,IT,2018,6.4,9,Software Engineer
BCA,CSE,2018,7.21,8,Data Analyst
B.Tech,Other,2019,8.66,18,AI Developer
B.Tech,CSE,2016,7.82,5,Data Analyst
B.Tech,CSE,2024,7.3,19,Software Engineer
M.Tech,CE,2015,7.36,11,Software Engineer
BCA,CE,2022,6.85,4,Data Analyst
B.Tech,CSE,2023,7.47,19,Software Engineer
B.Tech,IT,2024,3.76,1,Data Analyst
PhD,CSE,2022,6.44,7,Data Analyst
Other,CSE,2021,7.09,20,Software Engineer
B.Tech,AI,2020,5.42,17,ML Developer
M.Tech,Other,2019,7.26,9,Data Analyst
B.Tech,CSE,2023,6.55,17,Software Engineer
B.Tech,IT,2017,8.91,16,Software Engineer
B.Tech,DS,2023,8.69,16,Data Analyst
B.Tech,ML,2019,6.24,4,ML Developer
B.Tech,AI,2017,6.62,7,Manager
BCA,CSE,2023,6.71,10,Software Engineer
B.Tech,IT,2016,6.26,10,Software Engineer
Other,CSE,2017,7.03,11,Software Engineer
B.Tech,ML,2017,5.89,6,Data Analyst
M.Tech,CSE,2023,5.44,16,Software Engineer
M.Tech,ML,2019,7.55,8,Data Scientist
M.Tech,DS,2019,7.56,12,Data Analyst
B.Tech,IT,2020,5.83,15,Software Engineer
B.Tech,AI,2021,7.87,1,ML Developer
B.Tech,Other,2020,6.04,5,ML Developer
BCA,CE,2018,7.1,7,Data Analyst
B.Tech,IT,2020,7.78,14,Software Engineer
BCA,CSE,2023,6.76,7,Software Engineer
M.Tech,IT,2019,7.35,4,Software Engineer
B.Tech,CSE,2022,6.18,19,Software Engineer
M.Tech,Other,2015,6.56,13,Data Scientist
Other,ML,2018,6.55,9,Data Analyst
M.Tech,CE,2015,5.9,11,Software Engineer
B.Tech,IT,2019,6.59,4,Data Analyst
B.Tech,ML,2020,4.94,14,Software Engineer
PhD,AI,2024,6.21,7,Data Scientist
B.Tech,CSE,2023,6.46,9,Software Engineer
M.Tech,ML,2015,6.49,5,Manager
PhD,AI,2020,6.51,12,Manager
BCA,CSE,2020,6.73,15,Software Engineer
B.Tech,IT,2018,7.38,9,Software Engineer
B.Tech,ML,2015,7.85,5,AI Developer
B.Tech,IT,2022,6.02,2,Software Engineer
Other,IT,2015,5.36,19,Software Engineer
B.Tech,CE,2023,5.55,11,Software Engineer
BCA,IT,2024,6.22,11,Software Engineer
M.Tech,ML,2024,6.38,3,Data Analyst
BCA,IT,2023,5.88,3,Data Analyst
M.Tech,Other,2016,5.24,14,AI Developer
M.Tech,DS,2017,6.25,11,Data Analyst
M.Tech,CSE,2023,7.02,14,Software Engineer
PhD,IT,2019,7.51,1,Data Analyst
B.Tech,CSE,2021,6.13,5,Data Analyst
PhD,AI,2020,6.3,18,Manager
M.Tech,CSE,2024,5.69,12,Software Engineer
PhD,ML,2024,6.76,5,Data Scientist
BCA,CSE,2017,5.78,4,Software Engineer
M.Tech,DS,2015,7.49,5,Data Analyst
Other,CSE,2020,4.66,8,Software Engineer
B.Tech,CSE,2019,6.37,8,Software Engineer
BCA,CE,2022,7.16,4,Data Analyst
B.Tech,DS,2018,7.02,13,Data Analyst
B.Tech,CSE,2021,10.0,19,Software Engineer
BCA,CE,2017,7.22,17,Software Engineer
Other,ML,2016,5.6,6,Software Engineer
B.Tech,IT,2024,6.69,12,Software Engineer
BCA,CSE,2018,4.67,7,Software Engineer
BCA,IT,2019,6.7,17,Software Engineer
B.Tech,IT,2015,5.8,13,Software Engineer
BCA,IT,2016,7.9,12,Software Engineer
B.Tech,CSE,2016,6.14,14,Software Engineer
Other,AI,2018,6.66,3,Data Scientist
M.Tech,IT,2022,6.04,1,Data Analyst
BCA,DS,2015,8.89,5,Data Scientist
B.Tech,CE,2023,6.41,5,Software Engineer
M.Tech,ML,2015,9.0,20,Data Scientist
PhD,AI,2020,7.78,20,ML Developer
B.Tech,CSE,2023,7.38,5,Software Engineer
B.Tech,DS,2017,7.24,1,Data Analyst
B.Tech,AI,2019,7.27,20,AI Developer
BCA,CSE,2022,4.49,2,Software Engineer
Other,CE,2021,6.47,20,Software Engineer
BCA,CSE,2016,7.81,1,Data Analyst
PhD,CE,2016,6.74,4,Data Analyst
M.Tech,IT,2023,5.11,15,Software Engineer
B.Tech,AI,2015,6.74,10,ML Developer
M.Tech,DS,2017,8.84,11,Data Scientist
B.Tech,AI,2016,8.3,16,ML Developer
BCA,AI,2017,6.73,8,Data Analyst
B.Tech,DS,2018,7.94,3,Data Scientist
BCA,CSE,2024,6.36,4,Software Engineer
B.Tech,CSE,2019,4.76,11,Software Engineer
BCA,IT,2024,5.69,17,Software Engineer
M.Tech,Other,2019,8.68,5,AI Developer
B.Tech,AI,2024,6.47,2,Data Scientist
Other,IT,2015,6.51,7,Software Engineer
B.Tech,AI,2018,6.44,6,ML Developer
B.Tech,AI,2022,9.08,12,AI Developer
PhD,Other,2021,8.75,15,Data Scientist
M.Tech,CSE,2022,9.46,4,Data Analyst
M.Tech,IT,2020,6.61,11,Software Engineer
Other,CSE,2020,7.15,16,Software Engineer
BCA,IT,2016,4.98,11,Software Engineer
BCA,CSE,2020,8.57,14,Software Engineer
M.Tech,Other,2017,5.4,4,Software Engineer
Other,ML,2016,7.06,18,ML Developer
B.Tech,CSE,2022,5.48,14,Software Engineer
M.Tech,DS,2023,6.09,6,Data Analyst
Other,Other,2018,5.8,5,Data Scientist
B.Tech,CE,2020,6.07,17,Software Engineer
M.Tech,CSE,2023,6.15,17,Software Engineer
B.Tech,IT,2023,6.14,8,Software Engineer
B.Tech,CSE,2017,7.8,20,Software Engineer
B.Tech,DS,2017,5.47,18,Data Scientist
M.Tech,DS,2019,7.06,2,Data Scientist
Other,CSE,2023,8.26,14,Software Engineer
PhD,IT,2017,6.18,10,Software Engineer
B.Tech,CSE,2023,5.94,10,Software Engineer
B.Tech,ML,2024,6.52,3,Manager
BCA,CSE,2022,8.22,6,Software Engineer
B.Tech,CSE,2021,7.03,13,Software Engineer
M.Tech,CSE,2020,6.16,3,Software Engineer
Other,CSE,2021,7.38,4,Software Engineer
B.Tech,CSE,2019,5.48,11,Software Engineer
B.Tech,CSE,2019,7.62,17,Software Engineer
B.Tech,AI,2022,7.29,8,ML Developer
B.Tech,CSE,2024,6.43,15,Software Engineer
B.Tech,DS,2020,5.79,9,Data Scientist
B.Tech,ML,2019,5.74,4,Data Scientist
M.Tech,AI,2022,7.44,10,AI Developer
B.Tech,Other,2024,8.27,20,AI Developer
B.Tech,ML,2022,6.04,14,ML Developer
B.Tech,CSE,2019,7.35,9,Software Engineer
Other,AI,2020,4.3,14,Data Scientist
BCA,Other,2016,6.1,1,Manager
BCA,IT,2024,6.76,16,Software Engineer
B.Tech,IT,2019,5.71,4,Data Analyst
M.Tech,ML,2021,5.68,20,Data Analyst
PhD,AI,2015,6.0,20,Data Scientist
M.Tech,ML,2016,7.15,19,AI Developer
Other,CSE,2024,6.58,20,Software Engineer
B.Tech,IT,2015,4.11,12,Software Engineer
M.Tech,IT,2022,4.26,19,Software Engineer
PhD,CE,2021,6.07,14,Software Engineer
M.Tech,CE,2024,7.35,6,Software Engineer
M.Tech,CSE,2019,3.5,14,Software Engineer
BCA,ML,2019,6.2,12,Data Scientist
B.Tech,Other,2018,6.17,9,ML Developer
BCA,CSE,2019,8.47,6,Software Engineer
M.Tech,DS,2020,6.34,13,Data Scientist
BCA,CSE,2022,7.26,3,Data Analyst
B.Tech,IT,2018,6.97,11,Software Engineer
BCA,CSE,2016,4.24,13,Software Engineer
B.Tech,IT,2017,7.72,13,Software Engineer
B.Tech,DS,2022,7.06,12,Data Analyst
B.Tech,IT,2017,7.41,6,Data Analyst
B.Tech,CSE,2019,10.0,17,Software Engineer
BCA,AI,2023,4.3,18,Software Engineer
B.Tech,AI,2018,8.87,3,AI Developer
M.Tech,DS,2021,6.46,9,Data Analyst
B.Tech,IT,2017,7.14,13,Software Engineer
B.Tech,Other,2019,6.75,20,Data Analyst
Other,CSE,2018,6.29,15,Software Engineer
BCA,CSE,2017,6.12,9,Software Engineer
B.Tech,CSE,2018,7.2,8,Software Engineer
B.Tech,ML,2017,4.98,1,AI Developer
B.Tech,CE,2024,7.7,16,Software Engineer
BCA,IT,2023,6.3,19,Software Engineer
B.Tech,CSE,2023,5.44,19,Software Engineer
B.Tech,AI,2021,6.26,9,Data Scientist
BCA,IT,2019,8.31,14,Software Engineer
B.Tech,DS,2018,6.16,11,Data Analyst
B.Tech,AI,2020,7.23,8,ML Developer
M.Tech,CE,2023,5.92,16,Software Engineer
M.Tech,CSE,2024,7.71,8,Data Analyst
BCA,AI,2023,7.62,8,ML Developer
M.Tech,CE,2024,9.02,15,Software Engineer
M.Tech,IT,2017,6.59,1,Data Analyst
M.Tech,CE,2020,7.6,16,Software Engineer
PhD,CSE,2020,6.92,3,Data Analyst
M.Tech,DS,2015,8.36,20,Data Analyst
BCA,DS,2021,5.94,7,Data Scientist
B.Tech,AI,2019,7.69,11,AI Developer
BCA,IT,2021,6.57,5,Data Analyst
PhD,Other,2015,6.72,12,Data Scientist
BCA,CE,2016,6.91,17,Software Engineer
B.Tech,CSE,2018,7.1,8,Software Engineer
BCA,CE,2022,6.66,4,Data Analyst
B.Tech,DS,2024,7.06,13,Data Scientist
B.Tech,IT,2020,8.69,6,Software Engineer
B.Tech,CSE,2021,7.98,9,Software Engineer
M.Tech,CSE,2021,7.84,7,Software Engineer
B.Tech,AI,2016,6.25,11,ML Developer
BCA,IT,2015,5.73,20,Software Engineer
B.Tech,AI,2020,7.95,4,AI Developer
Other,IT,2015,7.85,11,Software Engineer
B.Tech,CE,2024,8.57,19,Software Engineer
B.Tech,CE,2017,6.08,7,Data Analyst
B.Tech,CSE,2020,6.52,4,Software Engineer
M.Tech,AI,2022,4.83,6,Data Analyst
B.Tech,ML,2015,6.33,20,Manager
Other,DS,2016,8.0,10,Data Scientist
B.Tech,AI,2024,6.24,17,Software Engineer
Other,IT,2024,7.57,5,Data Analyst
Other,DS,2023,6.57,13,Data Scientist
Other,AI,2016,7.19,11,AI Developer
B.Tech,Other,2022,5.42,7,ML Developer
B.Tech,CE,2022,6.9,19,Software Engineer
B.Tech,IT,2020,3.21,17,Software Engineer
M.Tech,ML,2023,6.58,13,Data Analyst
M.Tech,CSE,2017,4.84,15,Software Engineer
BCA,CSE,2021,8.25,13,Software Engineer
B.Tech,CE,2015,7.73,16,Software Engineer
B.Tech,AI,2024,7.36,13,AI Developer
Other,ML,2015,8.63,17,Data Scientist
B.Tech,CE,2024,5.66,19,Software Engineer
M.Tech,AI,2015,8.9,18,AI Developer
Other,IT,2020,7.92,18,Software Engineer
B.Tech,ML,2021,6.52,17,Data Analyst
BCA,IT,2015,8.16,7,Software Engineer
M.Tech,CSE,2018,5.47,11,Software Engineer
B.Tech,CSE,2018,5.81,19,Software Engineer
M.Tech,CE,2021,6.07,7,Software Engineer
Other,CE,2018,6.17,11,Software Engineer
Other,Other,2018,5.53,12,ML Developer
B.Tech,CSE,2018,8.27,20,Software Engineer
M.Tech,DS,2021,6.49,19,Data Scientist
Other,CSE,2019,7.22,14,Software Engineer
M.Tech,IT,2021,6.12,13,Software Engineer
B.Tech,DS,2022,4.62,9,Data Scientist
M.Tech,IT,2022,7.12,5,Software Engineer
B.Tech,CSE,2017,4.51,16,Software Engineer
B.Tech,IT,2017,6.72,9,Software Engineer
Other,ML,2021,5.16,10,Data Analyst
B.Tech,DS,2019,9.18,4,Data Scientist
B.Tech,DS,2018,7.89,3,Data Analyst
M.Tech,CSE,2015,6.93,16,Software Engineer
M.Tech,CSE,2015,8.32,13,Software Engineer
B.Tech,ML,2016,5.78,8,ML Developer
M.Tech,IT,2017,7.45,15,Software Engineer
M.Tech,CE,2023,7.04,7,Software Engineer
BCA,CE,2015,7.12,5,Data Analyst
PhD,CSE,2017,8.33,12,Software Engineer
M.Tech,DS,2015,7.68,13,Data Analyst
Other,IT,2018,7.15,6,Software Engineer
B.Tech,ML,2015,4.81,15,Manager
BCA,AI,2019,5.65,18,Software Engineer
B.Tech,Other,2015,6.65,4,Data Scientist
B.Tech,IT,2015,6.91,20,Software Engineer
BCA,ML,2020,5.44,12,Manager
B.Tech,CSE,2018,9.69,1,Data Analyst
B.Tech,CE,2021,8.62,19,Software Engineer
B.Tech,CSE,2015,7.52,19,Software Engineer
M.Tech,CE,2022,6.89,19,Software Engineer
M.Tech,CSE,2024,6.55,13,Software Engineer
B.Tech,ML,2022,5.66,20,AI Developer
B.Tech,Other,2022,6.89,16,Software Engineer
M.Tech,DS,2018,7.11,5,Data Analyst
BCA,Other,2021,5.31,9,Software Engineer
B.Tech,CE,2019,7.2,5,Software Engineer
M.Tech,ML,2023,6.61,8,ML Developer
B.Tech,AI,2018,4.51,13,ML Developer
PhD,IT,2022,5.77,15,Software Engineer
Other,IT,2020,6.3,11,Software Engineer
M.Tech,CSE,2023,9.07,7,Software Engineer
B.Tech,CSE,2018,7.47,20,Software Engineer
B.Tech,IT,2021,5.2,12,Software Engineer
M.Tech,CSE,2017,7.38,16,Software Engineer
B.Tech,AI,2019,4.94,20,ML Developer
B.Tech,CSE,2023,8.1,6,Data Analyst
Other,IT,2022,6.23,1,Software Engineer
B.Tech,AI,2019,6.69,19,Software Engineer
M.Tech,AI,2018,8.39,5,ML Developer
M.Tech,DS,2017,5.26,16,Data Analyst
Other,AI,2015,5.12,4,Manager
B.Tech,CE,2015,6.1,11,Software Engineer
PhD,CSE,2020,8.05,7,Software Engineer
Other,CSE,2016,4.98,12,Software Engineer
M.Tech,CSE,2022,3.4,16,Software Engineer
B.Tech,CSE,2019,6.26,4,Software Engineer
Other,CSE,2021,7.46,4,Data Analyst
B.Tech,AI,2022,8.24,9,ML Developer
Other,Other,2017,6.24,15,Manager
BCA,CSE,2021,6.31,16,Software Engineer
B.Tech,CSE,2015,8.18,19,Software Engineer
M.Tech,ML,2022,4.56,19,Data Analyst
B.Tech,DS,2022,6.33,19,Data Analyst
B.Tech,CE,2020,7.03,3,Software Engineer
B.Tech,CSE,2021,7.34,5,Software Engineer
Other,ML,2018,6.19,11,AI Developer
BCA,DS,2016,6.84,12,Data Scientist
BCA,CE,2024,3.81,14,Software Engineer
Other,IT,2019,6.01,7,Data Analyst
Other,DS,2015,7.34,16,Data Analyst
B.Tech,AI,2019,5.62,9,ML Developer
Other,CSE,2019,6.87,15,Software Engineer
M.Tech,CSE,2015,7.34,5,Software Engineer
BCA,CE,2021,6.39,7,Data Analyst
B.Tech,CE,2019,7.0,13,Software Engineer
B.Tech,ML,2021,5.64,14,Data Scientist
B.Tech,DS,2019,6.55,18,Data Analyst
B.Tech,CE,2022,7.53,3,Data Analyst
PhD,DS,2015,6.99,5,Data Scientist
B.Tech,CE,2020,6.1,3,Software Engineer
M.Tech,CSE,2016,7.07,3,Software Engineer
BCA,ML,2020,7.66,20,AI Developer
M.Tech,Other,2022,4.34,11,Data Scientist
B.Tech,CSE,2017,8.19,7,Software Engineer
B.Tech,ML,2016,6.4,1,ML Developer
BCA,CSE,2015,7.31,3,Data Analyst
B.Tech,IT,2022,8.24,7,Data Analyst
M.Tech,CSE,2019,5.15,19,Software Engineer
PhD,CE,2017,5.95,17,Software Engineer
B.Tech,CSE,2018,6.45,9,Software Engineer
B.Tech,IT,2018,5.86,4,Software Engineer
B.Tech,ML,2018,8.88,6,AI Developer
BCA,CSE,2021,5.77,17,Software Engineer
M.Tech,CSE,2019,6.13,12,Software Engineer
BCA,IT,2019,7.05,10,Software Engineer
BCA,CE,2016,5.36,16,Software Engineer
B.Tech,ML,2024,6.33,14,Manager
M.Tech,DS,2022,7.18,1,Data Scientist
M.Tech,CSE,2020,6.4,20,Software Engineer
M.Tech,CE,2019,6.69,11,Software Engineer
M.Tech,ML,2022,6.16,12,ML Developer
B.Tech,IT,2023,4.98,7,Software Engineer
M.Tech,CE,2020,7.19,14,Software Engineer
M.Tech,IT,2021,8.91,15,Software Engineer
PhD,IT,2017,6.82,5,Data Analyst
B.Tech,CE,2017,7.07,11,Software Engineer
B.Tech,DS,2017,7.63,13,Data Analyst
B.Tech,ML,2017,5.28,5,Data Analyst
Other,CSE,2015,8.84,13,Software Engineer
M.Tech,CSE,2018,7.04,1,Data Analyst
B.Tech,CSE,2023,8.76,9,Software Engineer
B.Tech,IT,2022,5.92,14,Software Engineer
B.Tech,DS,2022,8.98,2,Data Analyst
B.Tech,Other,2022,7.73,20,AI Developer
B.Tech,IT,2022,7.46,7,Data Analyst
M.Tech,Other,2017,7.08,11,Data Scientist
B.Tech,AI,2024,6.5,4,Data Analyst
B.Tech,CSE,2020,8.24,5,Data Analyst
M.Tech,IT,2015,6.97,15,Software Engineer
B.Tech,CSE,2020,4.44,8,Data Analyst
M.Tech,DS,2022,5.46,9,Data Analyst
M.Tech,CSE,2018,6.58,5,Data Analyst
BCA,AI,2018,7.17,19,ML Developer
BCA,CSE,2024,6.73,16,Software Engineer
PhD,CSE,2016,8.26,13,Software Engineer
BCA,AI,2016,4.46,17,ML Developer
M.Tech,DS,2019,6.97,3,Data Analyst
BCA,ML,2019,4.62,5,AI Developer
BCA,CE,2018,7.71,8,Software Engineer
B.Tech,ML,2022,6.69,18,Software Engineer
BCA,Other,2022,7.3,11,Data Analyst
PhD,CSE,2018,5.76,20,Software Engineer
M.Tech,CSE,2015,8.34,7,Data Analyst
B.Tech,IT,2015,8.05,10,Software Engineer
B.Tech,CSE,2015,7.5,1,Data Analyst
B.Tech,IT,2017,6.64,15,Software Engineer
M.Tech,AI,2024,7.5,15,ML Developer
B.Tech,CSE,2019,5.95,7,Data Analyst
B.Tech,AI,2020,7.83,1,AI Developer
PhD,AI,2020,8.78,5,AI Developer
BCA,AI,2021,8.08,11,AI Developer
B.Tech,ML,2015,5.92,10,AI Developer
M.Tech,AI,2023,7.23,2,ML Developer
BCA,IT,2016,5.25,5,Software Engineer
B.Tech,CSE,2018,7.49,3,Data Analyst
Other,CSE,2021,7.34,11,Software Engineer
BCA,IT,2023,4.56,2,Data Analyst
M.Tech,IT,2017,5.41,18,Software Engineer
BCA,ML,2022,6.46,6,Manager
BCA,DS,2018,6.44,8,Data Analyst
M.Tech,CE,2018,5.35,16,Software Engineer
B.Tech,CSE,2018,7.27,5,Software Engineer
M.Tech,CSE,2021,7.1,1,Data Analyst
M.Tech,AI,2021,6.57,18,Manager
B.Tech,AI,2018,5.89,8,Data Analyst
M.Tech,CSE,2016,8.06,19,Software Engineer
PhD,IT,2017,8.79,13,Software Engineer
B.Tech,IT,2024,6.22,10,Software Engineer
B.Tech,IT,2021,6.07,6,Software Engineer
BCA,CSE,2018,7.39,11,Software Engineer
PhD,IT,2019,6.37,15,Software Engineer
B.Tech,AI,2023,6.63,13,Software Engineer
B.Tech,CE,2016,7.69,7,Software Engineer
BCA,ML,2019,4.51,7,Data Analyst
BCA,IT,2015,8.38,8,Data Analyst
B.Tech,CE,2015,6.89,7,Software Engineer
PhD,CSE,2021,6.31,11,Software Engineer
M.Tech,IT,2017,6.69,16,Software Engineer
M.Tech,AI,2018,6.75,3,Data Analyst
B.Tech,CE,2015,4.72,20,Software Engineer
B.Tech,CE,2019,8.59,1,Data Analyst
B.Tech,ML,2017,6.85,4,Manager
B.Tech,AI,2021,7.33,12,AI Developer
B.Tech,CE,2015,7.94,4,Data Analyst
B.Tech,IT,2018,5.57,4,Software Engineer
PhD,DS,2017,7.37,1,Data Analyst
BCA,IT,2024,6.48,18,Software Engineer
B.Tech,CE,2024,7.82,16,Software Engineer
B.Tech,AI,2018,4.25,3,ML Developer
M.Tech,CE,2022,6.68,14,Software Engineer
BCA,IT,2015,6.08,19,Software Engineer
PhD,AI,2019,7.32,10,ML Developer
B.Tech,CSE,2019,7.36,7,Software Engineer
M.Tech,ML,2015,5.95,19,ML Developer
M.Tech,ML,2018,5.95,2,AI Developer
B.Tech,AI,2022,6.67,16,Data Analyst
B.Tech,AI,2020,5.72,18,Data Analyst
B.Tech,ML,2020,7.81,14,AI Developer
B.Tech,IT,2020,6.36,10,Software Engineer
B.Tech,AI,2022,3.31,18,ML Developer
B.Tech,IT,2024,6.35,9,Software Engineer
PhD,CSE,2020,5.55,15,Software Engineer
M.Tech,IT,2017,4.84,2,Data Analyst
M.Tech,DS,2017,5.32,20,Data Analyst
M.Tech,ML,2024,6.93,5,Software Engineer
BCA,IT,2021,8.39,4,Software Engineer
M.Tech,AI,2019,7.18,18,ML Developer
B.Tech,CSE,2020,6.07,16,Software Engineer
B.Tech,ML,2020,7.35,18,Data Scientist
M.Tech,ML,2018,6.25,19,AI Developer
BCA,AI,2016,5.97,8,Data Scientist
M.Tech,CSE,2018,5.41,1,Software Engineer
M.Tech,DS,2019,4.7,8,Data Scientist
B.Tech,CSE,2016,6.33,7,Software Engineer
B.Tech,CSE,2018,6.99,6,Software Engineer
B.Tech,IT,2016,6.68,14,Software Engineer
Other,AI,2015,6.3,20,AI Developer
B.Tech,IT,2019,5.67,14,Software Engineer
M.Tech,DS,2024,7.53,19,Data Analyst
M.Tech,CE,2020,5.22,12,Software Engineer
B.Tech,ML,2021,7.73,18,ML Developer
B.Tech,AI,2020,5.6,16,Manager
B.Tech,Other,2016,5.9,16,AI Developer
M.Tech,CE,2016,5.04,15,Software Engineer
B.Tech,CSE,2024,6.2,16,Software Engineer
B.Tech,CSE,2022,7.97,7,Data Analyst
B.Tech,AI,2024,7.42,1,Data Scientist
B.Tech,IT,2022,7.97,9,Software Engineer
M.Tech,IT,2023,7.43,2,Data Analyst
M.Tech,AI,2022,5.48,6,ML Developer
B.Tech,CSE,2019,6.4,20,Software Engineer
B.Tech,CSE,2017,5.86,3,Software Engineer
M.Tech,CSE,2021,8.4,6,Data Analyst
B.Tech,CSE,2020,5.36,19,Software Engineer
BCA,CSE,2022,7.87,4,Software Engineer
B.Tech,CSE,2024,7.87,19,Software Engineer
B.Tech,IT,2021,9.0,1,Data Analyst
M.Tech,CSE,2022,6.31,2,Data Analyst
B.Tech,ML,2016,7.65,3,AI Developer
PhD,AI,2022,9.54,13,ML Developer
B.Tech,DS,2017,6.06,4,Data Analyst
B.Tech,CSE,2018,4.96,15,Software Engineer
M.Tech,IT,2023,4.54,9,Software Engineer
M.Tech,Other,2017,7.66,19,ML Developer
B.Tech,CE,2018,4.54,5,Data Analyst
B.Tech,ML,2015,6.35,12,Manager
M.Tech,CE,2023,7.32,9,Software Engineer
